Year,Assignment Code,Assignment Description,Head Count,FTE
06-07,110,"DIRECTOR, SECONDARY LOCAL VOC PROGRAM",6,4.67
06-07,111,"ASSISTANT DIRECTOR, LOCAL VOC PROGRAM",1,1.00
06-07,115,"DIRECTOR, SECONDARY VOCATIONAL CENTER",4,2.70
06-07,670,SUPPORT SERVICE FACILITATOR,11,8.57
06-07,690,CAREER ACCOMMODATION SPECIALIST,1,0.40
06-07,710,VOCATIONAL EVALUATOR,11,9.97
06-07,745,TEACHER-COORD WORK EXP DISADVANTAGED,99,63.73
06-07,750,TEACHER-COORD WORK EXP/HANDICAPPED,219,175.54
06-07,755,TCH-COORD WORK EXP/CAREER EXPLOR(WECEP),37,22.36
06-07,790,VOC SUPPL SUPPORT/TECHNICAL TUTOR,24,18.26
06-07,1050,EMPLOYMENT PLACEMENT SPECIALIST,6,3.75
06-07,9095,TEACHER-COORD DIVERSIFIED OCC CO-OP PROG,7,2.93
06-07,10001,AGRICULTURE EXPLORATION,69,20.93
06-07,10100,PRODUCTION AGRICULTURE,21,7.10
06-07,10200,AGRICULTURE SUPPLIES SALES/SERVICES,6,1.11
06-07,10300,AGRICULTURE EQUIPMENT MECHANICS,89,33.19
06-07,10400,AGRICULTURE PRODUCTS PROCESSING & MKTG,6,1.45
06-07,10500,HORTICULTURE OR SPECIALTY CROPS,33,10.06
06-07,10600,NATURAL RESOURCES MANAGEMENT,53,12.82
06-07,10700,FORESTRY,13,4.03
06-07,19090,TEACHER-COORD OF AG CO-OP PROG/NON-FARM,50,12.75
06-07,19901,AGRICULTURE/COMBINED PROGRAM,90,47.46
06-07,19910,ANIMAL CARE OCCUPATIONS,40,11.98
06-07,20102,ART-HISTORY AND APPRECIATION,114,51.05
06-07,20207,MEDIA ARTS/PHOTOGRAPHY,158,66.09
06-07,20300,ELEMENTARY ART,549,402.85
06-07,20400,MIDDLE/JUNIOR HIGH VISUAL ARTS,438,257.70
06-07,20501,FOUNDATIONS OF STUDIO ART,313,162.34
06-07,20502,SINGLE OR MIXED MEDIA STUDIO ART,429,248.02
06-07,20601,COMMERCIAL ART/GRAPHIC DESIGN,93,30.94
06-07,21337,DRAMATIC LITERATURE (PERFORMING ARTS),7,5.52
06-07,21509,TV/FILM PRODUCTION,19,7.30
06-07,21603,THEATRE ARTS,75,29.14
06-07,21610,DANCE,35,21.31
06-07,22300,CLASSROOM/GENERAL MUSIC,"1,070",718.53
06-07,22401,VOCAL MUSIC,830,627.64
06-07,22501,BAND,894,703.12
06-07,22502,ORCHESTRA,185,135.83
06-07,40800,MARKETING OCCUPATIONS,33,25.79
06-07,49090,TEACHER-COORD MARKETING OCC CO-OP PROG,21,11.67
06-07,49956,PERFORMING ARTS OCCUPATIONS,2,1.80
06-07,50100,COMPREHENSIVE LANGUAGE ARTS,"3,061","2,288.14"
06-07,50194,ELEMENTARY READING,"1,496",844.73
06-07,50199,SECONDARY READING,304,204.62
06-07,50300,LITERATURE,790,381.03
06-07,50337,DRAMATIC LITERATURE (COMMUNICATION ARTS),82,26.13
06-07,50372,MASS MEDIA COMMUNICATIONS,98,37.98
06-07,50380,ADVANCED PLACEMENT ENGLISH,294,98.86
06-07,50390,INTERNATIONAL BACCALAUREATE ENGLISH,49,20.81
06-07,50400,COMPOSITION,457,182.66
06-07,50402,CREATIVE WRITING,185,57.34
06-07,50403,JOURNALISM,183,52.02
06-07,50405,TECHNICAL WRITING,77,23.48
06-07,50501,PUBLIC SPEAKING,122,51.30
06-07,50503,ORAL INTERPRETATION (COMMUNICATION ARTS),11,4.83
06-07,50507,FILM STUDIES,35,10.92
06-07,50508,ORAL COMMUNICATION/DISCUSSION,34,14.41
06-07,50509,FILM/RADIO/TV BROADCASTING,12,4.09
06-07,60105,LATIN,15,10.71
06-07,60201,AMERICAN SIGN LANGUAGE,31,31.48
06-07,60203,CHINESE,20,15.30
06-07,60206,ENGLISH AS SECOND LANGUAGE,780,650.93
06-07,60208,FRENCH,220,161.36
06-07,60209,GERMAN,181,132.90
06-07,60212,HEBREW,1,0.60
06-07,60214,JAPANESE,18,13.84
06-07,60218,RUSSIAN,5,1.76
06-07,60219,SPANISH,948,803.99
06-07,60221,OJIBWE,11,9.07
06-07,60258,FRENCH - ADVANCED PLACEMENT,28,9.12
06-07,60259,GERMAN - ADVANCED PLACEMENT,22,5.51
06-07,60359,SPANISH - ADVANCED PLACEMENT,79,27.18
06-07,60401,EXPLORATORY LANGUAGE/CULTURE PROGRAM,67,26.14
06-07,61000,"HQ-ESL, TEACHING ENGLISH",392,300.76
06-07,61001,"HQ-ESL, TEACHING READING OR LANGUAGE ART",230,159.88
06-07,61002,"HQ-ESL, TEACHING MATHEMATICS",36,12.66
06-07,61003,"HQ-ESL, TEACHING SCIENCE",16,4.98
06-07,61005,"HQ-ESL, TEACHING CIVIC & GOVERNMENT",26,8.08
06-07,61007,"HQ-ESL, TEACHING GEOGRAPHY",19,4.93
06-07,61008,"HQ-ESL, TEACHING HISTORY",27,5.79
06-07,61009,"HQ-ESL, TEACHING ARTS",1,0.20
06-07,62000,"NOT HQ-ESL, TEACHING ENGLISH",22,15.68
06-07,62001,"NOT HQ-ESL, TEACHING READING OR LANGUAGE",15,8.41
06-07,62002,"NOT HQ-ESL, TEACHING MATHEMATICS",8,3.37
06-07,62003,"NOT HQ-ESL, TEACHING SCIENCE",6,1.86
06-07,62005,"NOT HQ-ESL, TEACHING CIVIC & GOVERNMENT",1,0.30
06-07,62007,"NOT HQ-ESL, TEACHING GEOGRAPHY",1,0.34
06-07,62008,"NOT HQ-ESL, TEACHING HISTORY",7,2.11
06-07,69991,OTHER LANGUAGES NOT LISTED,6,6.02
06-07,70002,PUBLIC AFFAIRS/COMMUNITY SERVICE OCCUP,2,2.00
06-07,70101,DENTAL ASSISTING,1,1.00
06-07,70300,HEALTH CARE CAREERS,25,17.48
06-07,70303,NURSING ASSISTING,2,1.20
06-07,70907,EMERGENCY MEDICAL TECHNICIAN,4,3.48
06-07,72100,MEDICAL CAREERS,10,4.36
06-07,79090,TEACHER-COORD HEALTH OCCUP CO-OP PROG,2,0.87
06-07,80100,HEALTH EDUCATION/PERSONAL WELLNESS,772,442.15
06-07,80106,"SAFETY, FIRST AID &/OR FIRST RESPONDER",23,5.26
06-07,80300,GENERAL PHYSICAL EDUCATION,"2,607","2,008.88"
06-07,80302,SWIMMING,23,10.57
06-07,80306,"INDIVIDUAL, DUAL & TEAM SPORTS",232,97.85
06-07,80310,PHYSICAL CONDITIONING/FITNESS,344,140.17
06-07,80700,DRIVER & TRAFFIC SAFETY CLASSROOM,57,21.98
06-07,80710,DRIVER & TRAFFIC SAFETY BEHIND-THE-WHEEL,8,2.46
06-07,90100,GENERAL FAMILY & CONSUMER SCIENCE,368,229.79
06-07,90101,VOC-CONSUMER HOMEMAKING OCCUPATIONS,108,62.71
06-07,90102,CHILD DEVELOPMENT/PARENTING,126,41.69
06-07,90103,CLOTHING & TEXTILES,89,28.90
06-07,90104,PERSONAL FINANCE,67,24.00
06-07,90106,FAMILY LIVING,106,38.46
06-07,90107,FOODS & NUTRITION,300,137.72
06-07,90109,HOUSING & HOME FURNISHINGS,47,13.86
06-07,90112,VOC-CONSUMER HOMEMAKING OCC/OPTION 4,31,14.67
06-07,90121,VOC-INDIVIDUAL/FAMILY LIFE & PARENTING,43,17.53
06-07,90201,VOC-CHILD CARE/GUIDANCE & ED OCCUPATION,9,6.42
06-07,90207,GROOMING SERVICES OCCUPATIONS,1,0.10
06-07,90214,FASHION/APPAREL/TEXTILE OCCUPATIONS,2,1.99
06-07,91100,BUILDING CARE/MAINTENANCE OCCUPATIONS,1,1.00
06-07,92602,COSMETOLOGY OCCUPATIONS,10,8.65
06-07,92900,HOSPITALITY SERVICES CAREERS,4,2.90
06-07,92902,FOODS OCCUPATIONS,16,12.19
06-07,99090,TEACHER-COORD SERVICE OCCUP CO-OP PROG,5,2.40
06-07,100100,BASIC BUILDING CONSTRUCTION PROCESSES,115,42.19
06-07,100400,ELECTRICITY,27,7.41
06-07,100403,ELECTRONICS,33,14.50
06-07,100500,ELEMENTARY INDUST/TECHNOLOGY ED,21,7.50
06-07,100600,GENERAL INDUST/TECHNOLOGY ED,445,269.52
06-07,100690,PRINCIPALS OF TECHNOLOGY OR TECH SYSTEMS,37,12.36
06-07,100800,HOME & BUILDING MAINTENANCE,19,5.64
06-07,101300,MFG. & METALWORK TECHS./SYSTEMS,147,53.87
06-07,101600,"ENERGY, POWER & TRANSPORT. TECH/SYSTEMS",138,50.16
06-07,101701,TECHNICAL DRAWING/DRAFTING,113,37.07
06-07,101901,WOODWORKING TECHNOLOGY,280,117.69
06-07,102100,COMMUNICATION TECHNOLOGY,78,30.75
06-07,102500,MEDIA PRODUCTION,56,24.69
06-07,110100,ELEMENTARY MATH,837,362.18
06-07,110200,7TH GRADE MATH,725,386.78
06-07,110210,8TH GRADE MATH,638,327.06
06-07,110301,ALGEBRA/INTEGRATED MATH I,"1,349",619.89
06-07,110502,GENERAL OR CONSUMER MATH,200,66.73
06-07,110505,BASIC MATHEMATICS,378,171.22
06-07,110600,CALCULUS,164,53.16
06-07,110601,PRE-CALCULUS/INTEGRATED MATH IV,387,148.08
06-07,110610,AP/IB CALCULUS,129,48.79
06-07,111101,PRE-ALGEBRA,425,161.44
06-07,111102,BILINGUAL MATH,6,2.57
06-07,111200,GEOMETRY/INTEGRATED MATH II,980,446.99
06-07,111300,ADVANCED ALGEBRA/INTEGRATED MATH III,770,332.84
06-07,111500,PROBABILITY & STATISTICS/DISCRETE MATH,207,77.75
06-07,119991,OTHER MATH CLASSES,238,84.28
06-07,130010,ELEMENTARY SCIENCE,353,217.60
06-07,130100,INTEGRATED SCIENCE,105,64.74
06-07,130102,BILINGUAL SCIENCE,3,1.73
06-07,130210,LIFE SCIENCE,893,598.99
06-07,130215,SECOND LEVEL BIOLOGY,151,53.56
06-07,130216,GENERAL BIOLOGY,735,416.17
06-07,130290,BIOLOGY - AP/IB,102,36.44
06-07,130295,BIOLOGY SPECIAL TOPICS,220,93.48
06-07,130310,PHYSICAL SCIENCE,721,413.99
06-07,130333,GENERAL CHEMISTRY,533,298.66
06-07,130351,GENERAL PHYSICS,328,130.05
06-07,130352,ADVANCED PHYSICS,62,27.29
06-07,130355,ASTRONOMY,44,13.70
06-07,130359,PHYSICS - AP/IB,40,12.91
06-07,130390,CHEMISTRY - AP/IB,86,37.61
06-07,130395,CHEMISTRY SPECIAL TOPICS,35,10.49
06-07,130412,EARTH SCIENCE,604,392.08
06-07,130413,AERONAUTICS/AVIATION,10,4.31
06-07,130502,ENVIRONMENTAL SCIENCE,306,118.02
06-07,140100,ACCOUNTING (VOC),27,8.87
06-07,140102,ACCOUNTING/BOOKKEEPING,221,65.84
06-07,140120,BANKING AND FINANCE,3,1.06
06-07,140292,DATA ENTRY OCCUPATIONS,2,0.80
06-07,140301,OFFICE PROCEDURES,29,8.01
06-07,140310,BUSINESS COMMUNICATIONS,44,14.45
06-07,140320,SALES/MARKETING,67,23.02
06-07,140330,BUSINESS ORGANIZATION/MANAGEMENT,98,37.13
06-07,140500,BUSINESS SIMULATION OCCUPATIONS,13,4.83
06-07,140710,ADMINISTRATIVE SUPPORT OCCUPATIONS,67,36.85
06-07,149090,TEACHER-COORD BUSINESS OCC CO-OP PROG,30,12.80
06-07,149918,PERSONAL & BUSINESS LAW,64,17.00
06-07,149922,FINANCIAL MANAGEMENT,102,32.48
06-07,149982,BUSINESS MATH,27,9.98
06-07,149991,OTHER BUSINESS CLASSES,89,36.23
06-07,150100,ELEMENTARY SOCIAL STUDIES,302,150.80
06-07,150102,ANTHROPOLOGY/ARCHEOLOGY,17,6.08
06-07,150110,"AMER. INDIAN HISTORY, LANG. & CULTURE",66,44.32
06-07,150600,ECONOMICS,375,170.11
06-07,150700,GEOGRAPHY,911,541.57
06-07,150800,HISTORY,"1,877","1,212.61"
06-07,151000,"POLITICAL SCIENCE (CIVICS, AMER. GOVT.)",754,373.20
06-07,151090,AP/IB SOCIAL STUDIES,231,99.39
06-07,151102,BILINGUAL SOCIAL STUDIES,3,0.94
06-07,151103,PSYCHOLOGY,254,89.50
06-07,151200,SOCIOLOGY,205,73.99
06-07,151300,PHILOSOPHY,13,4.79
06-07,159991,INTEGRATED SOCIAL STUDIES,520,328.62
06-07,160000,TECHER/COORD. WORK BASED LEARNING,81,47.31
06-07,160100,SELF-MANAGEMENT/LIFE SKILLS,49,16.60
06-07,160200,CAREER EXPLORATION,164,54.91
06-07,160300,STUDY SKILLS,206,71.99
06-07,170300,TRANSPORTATION CAREERS,6,4.70
06-07,170301,AUTO BODY REPAIR OCCUPATIONS,7,4.93
06-07,170302,AUTO MECHANICS,44,30.36
06-07,170303,VEHICLE SERVICES OCCUPATIONS,19,11.46
06-07,170321,METAL REPAIRING/REFINISHING/WELDING,6,3.40
06-07,170322,AUTO/TRUCK DISMANTLING OCCUPATIONS,2,1.34
06-07,170400,AVIATION OCCUPATIONS,5,2.35
06-07,170900,COMMERCIAL PHOTOGRAPHY,1,1.00
06-07,171000,CONSTRUCTION OCCUPATIONS,43,22.58
06-07,171016,CONSTRUCTION OCCUP/FINISHING TRADES,14,6.46
06-07,171020,CONSTRUCTION OCCUP/PLANNING & MANAGEMENT,5,2.66
06-07,171100,CONSTRUCTION CAREERS,4,1.36
06-07,171200,TRUCK/DIESEL MECHANICS,1,1.00
06-07,171300,DRAFTING OCCUPATIONS,1,0.20
06-07,171500,ELECTRONICS OCCUPATIONS,4,2.87
06-07,171502,COMMUNICATIONS MEDIA TECH OCCUPATIONS,19,13.73
06-07,171508,MEDIA PRODUCTION,8,2.40
06-07,171510,BROADCAST/MEDIA OCCUPATIONS,6,4.06
06-07,171515,COMMUNICATIONS MEDIA OCCUP,6,3.80
06-07,171600,COMMUNICATION TECH. CAREERS,4,1.97
06-07,171700,MANUFACTURING CAREERS,4,3.14
06-07,171705,INDUSTRIAL DESIGN TECHNOLOGY OCCUPATIONS,1,0.20
06-07,171710,MANUFACTURING TECHNOLOGY,4,1.86
06-07,171720,PRINCIPLES OF TECHNOLOGY,1,0.20
06-07,171730,MECHANICAL TECHNOLOGY OCCUPATIONS,1,0.60
06-07,171900,GRAPHIC ARTS,14,7.58
06-07,172302,MACHINE SHOP OPERATIONS,4,2.06
06-07,172306,WELDING OCCUPATIONS,6,4.46
06-07,172350,METALS FABRICATION,7,2.44
06-07,173100,SMALL ENGINE MECHANICS,11,4.62
06-07,173101,RECREATIONAL VEHICLE REPAIR,1,0.20
06-07,173601,CABINET MAKING,6,2.24
06-07,179090,TEACHER-COORD TRADE & INDUST CO-OP PROG,12,6.68
06-07,179990,FLUID POWER MECHANICS,1,0.20
06-07,180100,GENERAL ELEMENTARY EDUCATION,"15,122","14,616.23"
06-07,180101,KINDERGARTEN,"2,602","2,363.12"
06-07,180102,PREKINDERGARTEN,183,117.97
06-07,180160,BILINGUAL ELEMENTARY EDUCATION,13,12.55
06-07,180401,ECFE PARENT EDUCATOR,391,197.58
06-07,180403,ECFE CHILD EDUCATOR,549,273.18
06-07,180750,SCHOOL READINESS,100,43.98
06-07,190200,"SPECIFIC DISABILITY, EMOTIONAL/BEHAVIOR","1,880","1,244.15"
06-07,190201,SPECIFIC LEARNING DISABILITIES,"2,075","1,380.03"
06-07,190202,"SPECIFIC DISABILITY, AUTISM DISORDER",453,224.14
06-07,190300,"SPECIFIC DISABILITY, PHYSICAL DISABILITI",75,61.01
06-07,190301,DISABILITY SPECIFIC - OTHER HEALTH DISAB,371,88.60
06-07,190302,DEVELOPMENTAL ADAPTED PHY ED,653,365.25
06-07,190480,"SPECIFIC DISABILITY, ORAL/AURAL DEAF ED",23,16.80
06-07,190490,DEAF/BLIND,20,11.27
06-07,190497,"SPECIFIC DISABILITY, DEAF/HARD OF HEARIN",199,150.45
06-07,190498,"SPECIFIC DISABILITY, BLIND/VISUALLY IMP",85,71.35
06-07,190500,EARLY CHILDHOOD SPECIAL EDUCATION,"1,004",911.59
06-07,190700,"SPECIFIC DISABILITY, TRAUMATIC BRAIN INJ",20,2.68
06-07,195000,"HQ-EBD, TEACHING ENGLISH",447,150.46
06-07,195001,"HQ-EBD, TEACHING READING OR LANGUAGE ART",835,294.16
06-07,195002,"HQ-EBD, TEACHING MATHEMATICS","1,013",320.42
06-07,195003,"HQ-EBD, TEACHING SCIENCE",317,83.02
06-07,195004,"HQ-EBD, TEACHING FOREIGN LANGUAGES",1,0.50
06-07,195005,"HQ-EBD, TEACHING CIVIC & GOVERNMENT",123,29.17
06-07,195006,"HQ-EBD, TEACHING ECONOMICS",18,3.23
06-07,195007,"HQ-EBD, TEACHING GEOGRAPHY",75,17.53
06-07,195008,"HQ-EBD, TEACHING HISTORY",228,62.98
06-07,195009,"HQ-EBD, TEACHING ARTS (VISUAL OR MUSIC)",31,6.17
06-07,195010,"HQ-LD, TEACHING ENGLISH",533,175.60
06-07,195011,"HQ-LD, TEACHING READING OR LANGUAGE ARTS","1,398",604.25
06-07,195012,"HQ-LD, TEACHING MATHEMATICS","1,371",450.37
06-07,195013,"HQ-LD, TEACHING SCIENCE",117,24.85
06-07,195014,"HQ-LD, TEACHING FOREIGN LANGUAGES",2,0.57
06-07,195015,"HQ-LD, TEACHING CIVIC & GOVERNMENT",47,11.24
06-07,195016,"HQ-LD, TEACHING ECONOMICS",10,1.29
06-07,195017,"HQ-LD, TEACHING GEOGRAPHY",27,5.49
06-07,195018,"HQ-LD, TEACHING HISTORY",85,20.59
06-07,195019,"HQ-LD, TEACHING ARTS (VISUAL OR MUSIC)",5,1.41
06-07,195020,"HQ-AUTISM SPEC DIS, TEACHING ENGLISH",81,37.12
06-07,195021,"HQ-AUTISM SPEC DIS, TEACH READ OR LANG",233,69.57
06-07,195022,"HQ-AUTISM SPEC DIS, TEACHING MATHEMATICS",212,51.53
06-07,195023,"HQ-AUTISM SPEC DIS, TEACHING SCIENCE",23,3.43
06-07,195024,"HQ-AUTISM SPEC DIS, TEACHING FOREIGN LAN",4,0.76
06-07,195025,"HQ-AUTISM SPEC DIS, TEACH CIVIC & GOV",5,0.67
06-07,195027,"HQ-AUTISM SPEC DIS, TEACHING GEOGRAPHY",5,0.74
06-07,195028,"HQ-AUTISM SPEC DIS, TEACHING HISTORY",10,1.91
06-07,195029,"HQ-AUTISM SPEC DIS, TEACHING ARTS",3,0.18
06-07,195030,"HQ-PHYSICAL DIS, TEACHING ENGLISH",2,0.50
06-07,195031,"HQ-PHYSICAL DIS, TEACH READ OR LANG ARTS",10,4.41
06-07,195032,"HQ-PHYSICAL DIS, TEACHING MATHEMATICS",8,2.38
06-07,195035,"HQ-PHYSICAL DIS, TEACHING CIVIC & GOVERN",1,0.20
06-07,195038,"HQ-PHYSICAL DIS, TEACHING HISTORY",2,0.50
06-07,195040,"HQ-OTHER HEALTH DIS, TEACHING ENGLISH",65,15.16
06-07,195041,"HQ-OTHER HEALTH DIS, TEACH READ OR LANG",211,47.69
06-07,195042,"HQ-OTHER HEALTH DIS, TEACHING MATHEMATIC",207,29.86
06-07,195043,"HQ-OTHER HEALTH DIS, TEACHING SCIENCE",18,1.48
06-07,195045,"HQ-OTHER HEALTH DIS, TEACH CIVIC & GOV",6,0.86
06-07,195047,"HQ-OTHER HEALTH DIS, TEACHING GEOGRAPHY",6,0.49
06-07,195048,"HQ-OTHER HEALTH DIS, TEACHING HISTORY",9,1.16
06-07,195050,"HQ-ORAL/AURAL DEAF ED, TEACHING ENGLISH",1,0.20
06-07,195051,"HQ-ORAL/AURAL DEAF, TEACH READ OR LANG",9,4.17
06-07,195052,"HQ-ORAL/AURAL DEAF ED, TEACH MATHEMATICS",5,1.60
06-07,195053,"HQ-ORAL/AURAL DEAF ED, TEACHING SCIENCE",2,0.50
06-07,195058,"HQ-ORAL/AURAL DEAF ED, TEACHING HISTORY",2,0.56
06-07,195060,"HQ-DEAF/BLIND, TEACHING ENGLISH",2,0.36
06-07,195061,"HQ-DEAF/BLIND,TEACH READING OR LANG ARTS",4,1.53
06-07,195062,"HQ-DEAF/BLIND, TEACHING MATHEMATICS",2,0.45
06-07,195063,"HQ-DEAF/BLIND, TEACHING SCIENCE",1,0.33
06-07,195070,"HQ-DEAF HARD HEAR, TEACHING ENGLISH",32,11.27
06-07,195071,"HQ-DEAF HARD HEAR, TEACH READING OR LANG",89,33.05
06-07,195072,"HQ-DEAF HARD HEAR, TEACHING MATHEMATICS",71,21.28
06-07,195073,"HQ-DEAF HARD HEAR, TEACHING SCIENCE",19,5.19
06-07,195075,"HQ-DEAF HARD HEAR, TEACHING CIVIC & GOV",4,2.60
06-07,195076,"HQ-DEAF HARD HEAR, TEACHING ECONOMICS",1,1.00
06-07,195077,"HQ-DEAF HARD HEAR, TEACHING GEOGRAPHY",10,1.90
06-07,195078,"HQ-DEAF HARD HEAR, TEACHING HISTORY",9,2.63
06-07,195079,"HQ-DEAF HARD HEAR, TEACHING ARTS",1,1.00
06-07,195080,"HQ BLIND VIS IMP, TEACHING ENGLISH",10,2.60
06-07,195081,"HQ-BLIND VIS IMP, TEACH READING OR LANG",14,2.63
06-07,195082,"HQ-BLIND VIS IMP, TEACHING MATHEMATICS",17,5.46
06-07,195083,"HQ-BLIND VIS IMP, TEACHING SCIENCE",10,2.80
06-07,195087,"HQ-BLIND VIS IMP, TEACHING GEOGRAPHY",9,1.76
06-07,195090,"HQ-TRAUM BRAIN INJ, TEACHING ENGLISH",4,0.37
06-07,195091,"HQ-TRAUM BRAIN INJ, TEACH READ OR LANG",9,0.98
06-07,195092,"HQ-TRAUM BRAIN INJ, TEACH MATHEMATICS",10,0.52
06-07,195100,"HQ-MILD MOD MENTAL IMP, TEACH ENGLISH",245,93.01
06-07,195101,"HQ-MILD MOD MENTAL IMP, READING OR LANG",574,196.59
06-07,195102,"HQ-MILD MOD MENTAL IMP, TEACH MATHEMATIC",593,177.95
06-07,195103,"HQ-MILD MOD MENTAL IMP, TEACHING SCIENCE",68,13.67
06-07,195105,"HQ-MILD MOD MENTAL IMP, TEACH CIVIC &GOV",28,5.24
06-07,195106,"HQ-MILD MOD MENTAL IMP, TEACH ECONOMICS",2,0.11
06-07,195107,"HQ-MILD MOD MENTAL IMP, TEACH GEOGRAPHY",19,3.36
06-07,195108,"HQ-MILD MOD MENTAL IMP, TEACHING HISTORY",33,6.65
06-07,195109,"HQ-MILD MOD MENTAL IMP, TEACHING ARTS",7,2.41
06-07,195110,"HQ-MOD SEV MENTAL IMP, TEACH ENGLISH",67,20.52
06-07,195111,"HQ-MOD SEV MENTAL IMP, READING OR LANG",251,85.52
06-07,195112,"HQ-MOD SEV MENTAL IMP, TEACHING MATH",246,67.16
06-07,195113,"HQ-MOD SEV MENTAL IMP, TEACHING SCIENCE",21,3.63
06-07,195115,"HQ-MOD SEV MENTAL IMP, TEACH CIVIC & GOV",9,1.91
06-07,195116,"HQ-MOD SEV MENTAL IMP, TEACH ECONOMICS",2,0.40
06-07,195117,"HQ-MOD SEV MENTAL IMP, TEACH GEOGRAPHY",4,0.87
06-07,195118,"HQ-MOD SEV MENTAL IMP, TEACH HISTORY",13,2.73
06-07,195119,"HQ-MOD SEV MENTAL IMP, TEACHING ARTS",3,0.60
06-07,196000,"NOT HQ-EBD, TEACHING ENGLISH",26,11.20
06-07,196001,"NOT HQ-EBD,TEACHING READING OR LANG ARTS",45,13.52
06-07,196002,"NOT HQ-EBD, TEACHING MATHEMATICS",77,22.49
06-07,196003,"NOT HQ-EBD, TEACHING SCIENCE",38,10.28
06-07,196005,"NOT HQ-EBD, TEACHING CIVIC & GOVERNMENT",6,1.96
06-07,196007,"NOT HQ-EBD, TEACHING GEOGRAPHY",11,1.45
06-07,196008,"NOT HQ-EBD, TEACHING HISTORY",22,5.18
06-07,196009,"NOT HQ-EBD, TEACHING ARTS (VISUAL OR MUS",2,0.70
06-07,196010,"NOT HQ-LD, TEACHING ENGLISH",22,8.71
06-07,196011,"NOT HQ-LD,TEACHING READING/LANGUAGE ARTS",57,24.17
06-07,196012,"NOT HQ-LD, TEACHING MATHEMATICS",62,19.90
06-07,196013,"NOT HQ-LD, TEACHING SCIENCE",7,1.03
06-07,196015,"NOT HQ-LD, TEACHING CIVIC & GOVERNMENT",2,1.08
06-07,196016,"NOT HQ-LD, TEACHING ECONOMICS",1,0.40
06-07,196017,"NOT HQ-LD, TEACHING GEOGRAPHY",3,0.16
06-07,196018,"NOT HQ-LD, TEACHING HISTORY",8,0.73
06-07,196020,"NOT HQ-AUTISM SPEC DIS, TEACHING ENGLISH",10,2.78
06-07,196021,"NOT HQ-AUTISM SPEC DIS,TEACH READ OR LAN",20,5.13
06-07,196022,"NOT HQ-AUTISM SPEC DIS, TEACH MATHEMATIC",23,5.39
06-07,196023,"NOT HQ-AUTISM SPEC DIS, TEACHING SCIENCE",5,0.68
06-07,196024,"NOT HQ-AUTISM SPEC DIS, TEACH FOREIGN LA",1,0.50
06-07,196027,"NOT HQ-AUTISM SPEC DIS, TEACH GEOGRAPHY",1,0.33
06-07,196028,"NOT HQ-AUTISM SPEC DIS, TEACHING HISTORY",5,0.71
06-07,196031,"NOT HQ-PHYSICAL DIS, TEACH READ OR LANG",1,0.30
06-07,196040,"NOT HQ-OTHER HEALTH DIS, TEACH ENGLISH",7,0.55
06-07,196041,"NOT HQ-OTH HEALTH DIS,TEACH READ OR LANG",17,3.08
06-07,196042,"NOT HQ-OTHER HEALTH DIS, TEACHING MATH",21,2.60
06-07,196043,"NOT HQ-OTHER HEALTH DIS, TEACH SCIENCE",6,0.52
06-07,196046,"NOT HQ-OTHER HEALTH DIS, TEACH ECONOMICS",1,0.03
06-07,196048,"NOT HQ-OTHER HEALTH DIS, TEACH HISTORY",3,0.54
06-07,196050,"NOT HQ-ORAL/AURAL DEAF ED, TEACH ENGLISH",1,0.33
06-07,196051,"NOT HQ-ORAL/AURAL DEAF,TEACH READ OR LAN",3,1.78
06-07,196052,"NOT HQ-ORAL/AURAL DEAF ED, TEACHING MATH",1,0.12
06-07,196070,"NOT HQ-DEAF HARD HEAR, TEACHING ENGLISH",2,0.37
06-07,196071,"NOT HQ-DEAF HARD HEAR, TEACH READ/LANG",3,1.37
06-07,196072,"NOT HQ-DEAF HARD HEAR, TEACH MATHEMATICS",2,0.30
06-07,196073,"NOT HQ-DEAF HARD HEAR, TEACHING SCIENCE",4,1.36
06-07,196077,"NOT HQ-DEAF HARD HEAR,TEACHING GEOGRAPHY",2,0.37
06-07,196078,"NOT HQ-DEAF HARD HEAR, TEACHING HISTORY",1,0.17
06-07,196081,"NOT HQ-BLIND VIS IMP, TEACH READ OR LANG",1,0.40
06-07,196090,"NOT HQ-TRAUM BRAIN INJ, TEACHING ENGLISH",1,0.04
06-07,196091,NOT HQ-TRAUM BRAIN INJ-TEACH READ OR LAN,3,0.31
06-07,196092,"NOT HQ-TRAUM BRAIN INJ, TEACH MATHEMATIC",2,0.10
06-07,196093,"NOT HQ-TRAUM BRAIN INJ, TEACHING SCIENCE",1,0.04
06-07,196100,"NOT HQ-MILD MOD MENTAL IMP,TEACH ENGLISH",9,4.56
06-07,196101,"NOT HQ-MILD MOD MENTAL IMP, READ OR LANG",19,5.79
06-07,196102,"NOT HQ-MILD MOD MENTAL IMP, TEACH MATH",21,5.46
06-07,196103,"NOT HQ-MILD MOD MENTAL IMP, SCIENCE",9,1.66
06-07,196105,"NOT HQ-MILD MOD MENTAL IMP, CIVIC & GOV",2,0.40
06-07,196106,"NOT HQ-MILD MOD MENTAL IMP, ECONOMICS",2,0.73
06-07,196107,"NOT HQ-MILD MOD MENTAL IMP, GEOGRAPHY",5,0.47
06-07,196108,"NOT HQ-MILD MOD MENTAL IMP, HISTORY",7,1.07
06-07,196109,"NOT HQ-MILD MOD MENTAL IMP, TEACH ARTS",1,0.23
06-07,196110,"NOT HQ-MOD SEV MENTAL IMP, TEACH ENGLISH",1,0.25
06-07,196111,"NOT HQ-MOD SEV MENTAL IMP, READ OR LANG",10,2.89
06-07,196112,"NOT HQ-MOD SEV MENTAL IMP, TEACHING MATH",9,3.12
06-07,199801,SPECIF DISABILITY--MILD TO MODERATE,830,509.78
06-07,199802,"SPECIFIC DISABILITY, MOD-SEVERE MENTAL",561,408.64
06-07,200100,INTRODUCTION TO AGRICULTURE,71,21.91
06-07,200300,HORTICULTURE/ANIMAL OR CROP PRODUCTION,27,7.45
06-07,200501,AGRICULTURAL MANAGEMENT,24,5.36
06-07,200505,NATURAL RESOURCES MANAGEMENT,22,6.46
06-07,300100,ELEM KEYBOARDING/BASIC COMPUTER,235,111.14
06-07,301100,KEYBOARDING/BASIC COMPUTER OPERATIONS,356,158.18
06-07,301200,GENERAL BUSINESS COMPUTER APPLICATIONS,196,71.59
06-07,301300,COMPUTER PROGRAMMING,59,17.39
06-07,301400,COMPUTER HARDWARE TECHNOLOGY,19,5.45
06-07,301500,NETWORK TECHNOLOGY,14,5.18
06-07,301600,COMPUTER COMMUNICATIONS & THE INTERNET,63,20.68
06-07,301700,WEB PAGE DESIGN,96,27.78
06-07,301800,CAD (COMPUTER ASSISTED DESIGN)DRAFTING,63,21.35
06-07,890099,TEACHER ON SPECIAL ASSIGN-INSTRUCTIONAL,27,19.15
06-07,890100,ADULT BASIC ED,375,248.79
06-07,890200,GIFTED ED TEACHER,277,199.82
06-07,890300,HOMEBOUND TEACHER,38,16.05
06-07,890413,NON CORE EXPERIMENTAL PROGRAM TEACHER,77,27.42
06-07,890500,HUMANITIES,42,18.84
06-07,890600,HOMEROOM/ADVISORY/TEACHER PREP,"1,586",215.24
06-07,890700,GRAD STANDARDS INSTRUCTOR,9,5.10
06-07,891000,"HQ-EXP PROG, ENGLISH",95,28.88
06-07,891001,"HQ-EXP PROG, READING/LANGUAGE ARTS",84,28.13
06-07,891002,"HQ-EXP PROG, MATHEMATICS",119,34.23
06-07,891003,"HQ-EXP PROG, SCIENCE",96,27.89
06-07,891005,"HQ-EXP PROG, CIVICS & GOVERNMENT",36,7.14
06-07,891006,"HQ-EXP PROG, ECONOMICS",19,2.54
06-07,891007,"HQ-EXP PROG, GEORAPHY",21,3.36
06-07,891008,"HQ-EXP PROG, TEACHING HISTORY",65,13.41
06-07,891009,"HQ-EXP PROG, ARTS (VISUAL/MUSIC)",22,2.51
06-07,892000,"NOT HQ-EXP PROG, ENGLISH",25,4.29
06-07,892001,"NOT HQ-EXP PROG, READING/LANGUAGE ARTS",27,5.81
06-07,892002,"NOT HQ-EXP PROG, MATHEMATICS",43,9.49
06-07,892003,"NOT HQ-EXP PROG, SCIENCE",35,9.27
06-07,892004,"NOT HQ-EXP PROG, FOREIGN LANGUAGE",2,1.62
06-07,892005,"NOT HQ-EXP PROG, CIVICS & GOVERNMENT",21,2.25
06-07,892006,"NOT HQ-EXP PROG, ECONOMICS",14,1.40
06-07,892007,"NOT HQ-EXP PROG, GEOGRAPHY",20,2.04
06-07,892008,"NOT HQ-EXP PROG, HISTORY",32,5.64
06-07,892009,"NOT HQ-EXP PROG, ARTS (VISUAL/MUSIC)",16,1.90
06-07,899999,RESERVE TEACHER,45,40.84
06-07,900088,AREA LEARNING CENTER ADMINISTRATOR,38,31.37
06-07,900099,ADMINISTRATOR ON SPECIAL ASSIGNMENT,27,25.32
06-07,906030,"SUPERVISOR, ENGLISH AS A SECOND LANGUAGE",1,0.17
06-07,916000,MEDIA SUPERVISOR,1,1.00
06-07,917000,SUPERVISOR OF SPECIAL EDUCATION,42,39.63
06-07,917040,SUPERVISOR OF EARLY ED/SPECIAL ED,4,3.47
06-07,917080,SUPV OF SPEECH CORRECTION,2,1.33
06-07,918000,SUPERVISOR OF EBD,5,4.40
06-07,919000,SUPERVISOR OF LD,2,1.50
06-07,920001,SUPERINTENDENT,341,310.53
06-07,920002,ASSISTANT SUPERINTENDENT,40,39.77
06-07,931001,"PRINCIPAL, ELEMENTARY",739,698.54
06-07,931002,"ASSISTANT PRINCIPAL, ELEMENTARY",70,68.04
06-07,932001,"PRINCIPAL, SECONDARY",389,360.57
06-07,932002,"ASSISTANT PRINCIPAL, SECONDARY",302,294.46
06-07,933000,"PRINCIPAL, K-12 BUILDING",80,72.93
06-07,933001,"PRINCIPAL, MIDDLE SCHOOL",176,163.60
06-07,933002,"ASSISTANT PRINCIPAL, MIDDLE SCHOOL",131,126.80
06-07,933010,"ASSISTANT PRINCIPAL, K-12 BUILDING",13,12.83
06-07,940200,SPEECH LANGUAGE PATHOLOGIST,"1,758","1,607.80"
06-07,940300,"GUIDANCE AND COUNSELING, SECONDARY",832,769.09
06-07,940301,"GUIDANCE AND COUNSELING, MIDDLE SCHOOL",168,148.25
06-07,940302,"GUIDANCE AND COUNSELING, ELEMENTARY",165,135.08
06-07,940400,LIBRARIAN,224,191.69
06-07,940500,SCHOOL PSYCHOLOGIST,686,629.45
06-07,940700,SCHOOL SOCIAL WORKER,"1,009",944.63
06-07,940800,SCHOOL NURSE,547,467.35
06-07,941000,MEDIA GENERALIST,739,689.14
06-07,950100,"COORDINATOR, ECFE",143,90.11
06-07,950200,"COORDINATOR, SCHOOL READINESS",66,26.69
06-07,950300,AUDIO-VISUAL COORDINATOR,2,1.80
06-07,950500,"COORDINATOR, GIFTED EDUCATION",57,35.07
06-07,950600,CURRICULUM COORDINATOR,56,50.36
06-07,960300,SPECIAL EDUCATION DIRECTOR,130,120.22
06-07,960301,"ASSISTANT DIRECTOR, SPECIAL EDUCATION",38,36.82
06-07,960400,SECONDARY EDUCATION DIRECTOR,14,9.87
06-07,960500,ELEMENTARY EDUCATION DIRECTOR,8,6.00
06-07,960700,COMMUNITY EDUCATION DIRECTOR,169,128.70
06-07,990099,TEACHER ON SP ASSIGN-NON INSTRUCTIONAL,420,319.54
06-07,990100,DEPARTMENT CHAIR (ACADEMIC SUBJECT AREA),107,81.59
06-07,990110,PROGRAM/Q COMP COORDINATOR,227,165.42
06-07,990200,STAFF DEVELOPMENT,177,124.09
06-07,990250,TEACHER MENTORSHIP/Q COMP MENTOR,159,107.30
06-07,990300,"MONITORING, STUDY HALL/COMP. LAB, ETC","1,640",308.39
06-07,990400,CURRICULUM DEVELOPMENT/GRAD STANDARDS,287,217.93
06-07,990500,"PROGRAM COORDINATOR, SP ED",343,287.92
06-07,990900,DEAN OF STUDENTS,226,189.92
06-07,Grand,Totals Statewide:,"65,666","62,969.38"
