Year,Assignment Code,Assignment Description,Head Count,FTE
07-08,110,"DIRECTOR, SECONDARY LOCAL VOC PROGRAM",4,3.00
07-08,111,"ASSISTANT DIRECTOR, LOCAL VOC PROGRAM",1,1.00
07-08,115,"DIRECTOR, SECONDARY VOCATIONAL CENTER",2,1.50
07-08,670,SUPPORT SERVICE FACILITATOR,11,8.15
07-08,690,CAREER ACCOMMODATION SPECIALIST,3,2.40
07-08,710,VOCATIONAL EVALUATOR,5,5.00
07-08,745,TEACHER-COORD WORK EXP DISADVANTAGED,96,68.74
07-08,750,TEACHER-COORD WORK EXP/HANDICAPPED,212,165.35
07-08,755,TCH-COORD WORK EXP/CAREER EXPLOR(WECEP),32,19.61
07-08,790,VOC SUPPL SUPPORT/TECHNICAL TUTOR,23,16.62
07-08,1050,EMPLOYMENT PLACEMENT SPECIALIST,5,3.36
07-08,9095,TEACHER-COORD DIVERSIFIED OCC CO-OP PROG,6,2.68
07-08,10001,AGRICULTURE EXPLORATION,72,22.93
07-08,10100,PRODUCTION AGRICULTURE,18,5.84
07-08,10200,AGRICULTURE SUPPLIES SALES/SERVICES,6,1.41
07-08,10300,AGRICULTURE EQUIPMENT MECHANICS,82,29.32
07-08,10400,AGRICULTURE PRODUCTS PROCESSING & MKTG,6,1.41
07-08,10500,HORTICULTURE OR SPECIALTY CROPS,31,7.74
07-08,10600,NATURAL RESOURCES MANAGEMENT,40,9.41
07-08,10700,FORESTRY,10,2.51
07-08,19090,TEACHER-COORD OF AG CO-OP PROG/NON-FARM,44,11.64
07-08,19901,AGRICULTURE/COMBINED PROGRAM,93,47.57
07-08,19910,ANIMAL CARE OCCUPATIONS,40,13.33
07-08,20102,ART-HISTORY AND APPRECIATION,125,56.98
07-08,20207,MEDIA ARTS/PHOTOGRAPHY,156,65.85
07-08,20300,ELEMENTARY ART,557,411.73
07-08,20400,MIDDLE/JUNIOR HIGH VISUAL ARTS,430,250.16
07-08,20501,FOUNDATIONS OF STUDIO ART,305,157.07
07-08,20502,SINGLE OR MIXED MEDIA STUDIO ART,434,245.03
07-08,20601,COMMERCIAL ART/GRAPHIC DESIGN,97,32.70
07-08,21337,DRAMATIC LITERATURE (PERFORMING ARTS),10,5.78
07-08,21503,ORAL INTERPRETATION (PERFORMING ARTS),1,0.20
07-08,21509,TV/FILM PRODUCTION,15,5.87
07-08,21603,THEATRE ARTS,60,29.98
07-08,21610,DANCE,33,21.05
07-08,22300,CLASSROOM/GENERAL MUSIC,"1,069",714.29
07-08,22401,VOCAL MUSIC,811,619.12
07-08,22501,BAND,871,694.22
07-08,22502,ORCHESTRA,187,140.96
07-08,40800,MARKETING OCCUPATIONS,26,19.96
07-08,49090,TEACHER-COORD MARKETING OCC CO-OP PROG,17,9.00
07-08,49956,PERFORMING ARTS OCCUPATIONS,2,1.87
07-08,50100,COMPREHENSIVE LANGUAGE ARTS,"3,048","2,293.30"
07-08,50194,ELEMENTARY READING,"1,421",822.97
07-08,50199,SECONDARY READING,316,212.37
07-08,50300,LITERATURE,759,362.89
07-08,50337,DRAMATIC LITERATURE (COMMUNICATION ARTS),90,29.15
07-08,50372,MASS MEDIA COMMUNICATIONS,98,37.15
07-08,50380,ADVANCED PLACEMENT ENGLISH,300,99.79
07-08,50390,INTERNATIONAL BACCALAUREATE ENGLISH,46,19.45
07-08,50400,COMPOSITION,433,171.30
07-08,50402,CREATIVE WRITING,185,57.56
07-08,50403,JOURNALISM,181,52.79
07-08,50405,TECHNICAL WRITING,84,27.65
07-08,50501,PUBLIC SPEAKING,105,43.86
07-08,50503,ORAL INTERPRETATION (COMMUNICATION ARTS),18,7.76
07-08,50507,FILM STUDIES,34,12.19
07-08,50508,ORAL COMMUNICATION/DISCUSSION,34,12.94
07-08,50509,FILM/RADIO/TV BROADCASTING,14,4.57
07-08,60105,LATIN,16,11.46
07-08,60201,AMERICAN SIGN LANGUAGE,32,30.92
07-08,60203,CHINESE,37,25.30
07-08,60206,ENGLISH AS SECOND LANGUAGE,803,671.13
07-08,60208,FRENCH,201,144.91
07-08,60209,GERMAN,172,127.15
07-08,60212,HEBREW,1,0.60
07-08,60214,JAPANESE,16,12.85
07-08,60218,RUSSIAN,4,2.13
07-08,60219,SPANISH,963,817.62
07-08,60221,OJIBWE,14,12.81
07-08,60258,FRENCH - ADVANCED PLACEMENT,25,9.52
07-08,60259,GERMAN - ADVANCED PLACEMENT,23,4.97
07-08,60359,SPANISH - ADVANCED PLACEMENT,71,26.50
07-08,60401,EXPLORATORY LANGUAGE/CULTURE PROGRAM,71,27.13
07-08,61000,"HQ-ESL, TEACHING ENGLISH",348,254.96
07-08,61001,"HQ-ESL, TEACHING READING OR LANGUAGE ART",251,195.38
07-08,61002,"HQ-ESL, TEACHING MATHEMATICS",51,17.41
07-08,61003,"HQ-ESL, TEACHING SCIENCE",21,6.54
07-08,61005,"HQ-ESL, TEACHING CIVIC & GOVERNMENT",10,3.97
07-08,61007,"HQ-ESL, TEACHING GEOGRAPHY",3,1.14
07-08,61008,"HQ-ESL, TEACHING HISTORY",34,9.61
07-08,61009,"HQ-ESL, TEACHING ARTS",1,0.17
07-08,62000,"NOT HQ-ESL, TEACHING ENGLISH",35,26.83
07-08,62001,"NOT HQ-ESL, TEACHING READING OR LANGUAGE",9,5.47
07-08,62002,"NOT HQ-ESL, TEACHING MATHEMATICS",8,3.52
07-08,62003,"NOT HQ-ESL, TEACHING SCIENCE",2,1.46
07-08,62005,"NOT HQ-ESL, TEACHING CIVIC & GOVERNMENT",2,0.88
07-08,62008,"NOT HQ-ESL, TEACHING HISTORY",3,0.87
07-08,69991,OTHER LANGUAGES NOT LISTED,14,11.82
07-08,70002,PUBLIC AFFAIRS/COMMUNITY SERVICE OCCUP,2,2.00
07-08,70101,DENTAL ASSISTING,1,1.00
07-08,70300,HEALTH CARE CAREERS,27,17.76
07-08,70303,NURSING ASSISTING,1,0.80
07-08,70907,EMERGENCY MEDICAL TECHNICIAN,5,3.87
07-08,72100,MEDICAL CAREERS,11,5.09
07-08,79090,TEACHER-COORD HEALTH OCCUP CO-OP PROG,2,0.91
07-08,80100,HEALTH EDUCATION/PERSONAL WELLNESS,757,436.52
07-08,80106,"SAFETY, FIRST AID &/OR FIRST RESPONDER",20,4.71
07-08,80300,GENERAL PHYSICAL EDUCATION,"2,602","1,985.73"
07-08,80302,SWIMMING,20,10.14
07-08,80306,"INDIVIDUAL, DUAL & TEAM SPORTS",232,101.23
07-08,80310,PHYSICAL CONDITIONING/FITNESS,349,134.16
07-08,80700,DRIVER & TRAFFIC SAFETY CLASSROOM,59,23.14
07-08,80710,DRIVER & TRAFFIC SAFETY BEHIND-THE-WHEEL,7,2.69
07-08,90100,GENERAL FAMILY & CONSUMER SCIENCE,353,224.72
07-08,90101,VOC-CONSUMER HOMEMAKING OCCUPATIONS,84,48.43
07-08,90102,CHILD DEVELOPMENT/PARENTING,121,37.41
07-08,90103,CLOTHING & TEXTILES,89,27.10
07-08,90104,PERSONAL FINANCE,75,27.99
07-08,90106,FAMILY LIVING,96,33.60
07-08,90107,FOODS & NUTRITION,294,137.18
07-08,90109,HOUSING & HOME FURNISHINGS,53,16.15
07-08,90112,VOC-CONSUMER HOMEMAKING OCC/OPTION 4,26,9.18
07-08,90121,VOC-INDIVIDUAL/FAMILY LIFE & PARENTING,34,11.92
07-08,90201,VOC-CHILD CARE/GUIDANCE & ED OCCUPATION,5,4.17
07-08,90214,FASHION/APPAREL/TEXTILE OCCUPATIONS,1,0.90
07-08,90300,CREATIVE DESIGN CAREERS,1,1.00
07-08,90320,TOURISM OCCUPATIONS,1,0.85
07-08,91100,BUILDING CARE/MAINTENANCE OCCUPATIONS,1,1.00
07-08,92602,COSMETOLOGY OCCUPATIONS,10,9.01
07-08,92900,HOSPITALITY SERVICES CAREERS,4,3.00
07-08,92902,FOODS OCCUPATIONS,12,9.28
07-08,99090,TEACHER-COORD SERVICE OCCUP CO-OP PROG,8,3.03
07-08,100100,BASIC BUILDING CONSTRUCTION PROCESSES,105,42.20
07-08,100400,ELECTRICITY,28,6.70
07-08,100403,ELECTRONICS,37,13.96
07-08,100500,ELEMENTARY INDUST/TECHNOLOGY ED,21,9.60
07-08,100600,GENERAL INDUST/TECHNOLOGY ED,423,256.33
07-08,100690,PRINCIPALS OF TECHNOLOGY OR TECH SYSTEMS,37,13.28
07-08,100800,HOME & BUILDING MAINTENANCE,19,6.01
07-08,101300,MFG. & METALWORK TECHS./SYSTEMS,147,50.98
07-08,101600,"ENERGY, POWER & TRANSPORT. TECH/SYSTEMS",129,49.94
07-08,101701,TECHNICAL DRAWING/DRAFTING,114,39.90
07-08,101901,WOODWORKING TECHNOLOGY,265,110.57
07-08,102100,COMMUNICATION TECHNOLOGY,80,30.65
07-08,102500,MEDIA PRODUCTION,60,25.69
07-08,110100,ELEMENTARY MATH,866,390.68
07-08,110200,7TH GRADE MATH,674,353.31
07-08,110210,8TH GRADE MATH,603,307.60
07-08,110301,ALGEBRA/INTEGRATED MATH I,"1,405",637.54
07-08,110502,GENERAL OR CONSUMER MATH,220,82.77
07-08,110505,BASIC MATHEMATICS,324,133.19
07-08,110600,CALCULUS,183,61.12
07-08,110601,PRE-CALCULUS/INTEGRATED MATH IV,388,149.40
07-08,110610,AP/IB CALCULUS,126,46.20
07-08,111101,PRE-ALGEBRA,471,187.87
07-08,111102,BILINGUAL MATH,4,2.08
07-08,111200,GEOMETRY/INTEGRATED MATH II,991,450.15
07-08,111300,ADVANCED ALGEBRA/INTEGRATED MATH III,790,341.72
07-08,111500,PROBABILITY & STATISTICS/DISCRETE MATH,220,89.92
07-08,119991,OTHER MATH CLASSES,259,92.17
07-08,130010,ELEMENTARY SCIENCE,350,224.46
07-08,130100,INTEGRATED SCIENCE,110,69.94
07-08,130102,BILINGUAL SCIENCE,1,0.99
07-08,130210,LIFE SCIENCE,917,608.91
07-08,130215,SECOND LEVEL BIOLOGY,148,53.38
07-08,130216,GENERAL BIOLOGY,747,412.86
07-08,130290,BIOLOGY - AP/IB,115,39.87
07-08,130295,BIOLOGY SPECIAL TOPICS,244,106.34
07-08,130310,PHYSICAL SCIENCE,712,397.13
07-08,130333,GENERAL CHEMISTRY,542,295.42
07-08,130351,GENERAL PHYSICS,328,132.78
07-08,130352,ADVANCED PHYSICS,59,24.85
07-08,130355,ASTRONOMY,34,11.90
07-08,130359,PHYSICS - AP/IB,40,13.76
07-08,130390,CHEMISTRY - AP/IB,82,33.08
07-08,130395,CHEMISTRY SPECIAL TOPICS,43,15.42
07-08,130412,EARTH SCIENCE,621,399.01
07-08,130413,AERONAUTICS/AVIATION,15,5.00
07-08,130502,ENVIRONMENTAL SCIENCE,289,112.62
07-08,140100,ACCOUNTING (VOC),28,7.95
07-08,140102,ACCOUNTING/BOOKKEEPING,213,60.74
07-08,140120,BANKING AND FINANCE,4,1.16
07-08,140292,DATA ENTRY OCCUPATIONS,1,0.60
07-08,140301,OFFICE PROCEDURES,24,9.33
07-08,140310,BUSINESS COMMUNICATIONS,40,12.98
07-08,140320,SALES/MARKETING,85,29.88
07-08,140330,BUSINESS ORGANIZATION/MANAGEMENT,92,32.96
07-08,140500,BUSINESS SIMULATION OCCUPATIONS,12,3.19
07-08,140710,ADMINISTRATIVE SUPPORT OCCUPATIONS,77,41.63
07-08,149090,TEACHER-COORD BUSINESS OCC CO-OP PROG,30,12.08
07-08,149918,PERSONAL & BUSINESS LAW,60,15.26
07-08,149922,FINANCIAL MANAGEMENT,86,29.34
07-08,149982,BUSINESS MATH,27,9.20
07-08,149991,OTHER BUSINESS CLASSES,94,36.24
07-08,150100,ELEMENTARY SOCIAL STUDIES,303,161.80
07-08,150102,ANTHROPOLOGY/ARCHEOLOGY,16,5.44
07-08,150110,"AMER. INDIAN HISTORY, LANG. & CULTURE",51,31.62
07-08,150600,ECONOMICS,423,185.78
07-08,150700,GEOGRAPHY,915,523.93
07-08,150800,HISTORY,"1,915","1,217.42"
07-08,151000,"POLITICAL SCIENCE (CIVICS, AMER. GOVT.)",765,367.44
07-08,151090,AP/IB SOCIAL STUDIES,267,111.82
07-08,151102,BILINGUAL SOCIAL STUDIES,1,1.00
07-08,151103,PSYCHOLOGY,233,84.89
07-08,151200,SOCIOLOGY,187,65.20
07-08,151300,PHILOSOPHY,13,5.02
07-08,159991,INTEGRATED SOCIAL STUDIES,472,314.07
07-08,160000,TECHER/COORD. WORK BASED LEARNING,84,45.41
07-08,160100,SELF-MANAGEMENT/LIFE SKILLS,66,18.08
07-08,160200,CAREER EXPLORATION,179,62.71
07-08,160300,STUDY SKILLS,212,70.06
07-08,170300,TRANSPORTATION CAREERS,5,3.40
07-08,170301,AUTO BODY REPAIR OCCUPATIONS,6,4.73
07-08,170302,AUTO MECHANICS,37,28.95
07-08,170303,VEHICLE SERVICES OCCUPATIONS,14,9.87
07-08,170321,METAL REPAIRING/REFINISHING/WELDING,2,1.20
07-08,170322,AUTO/TRUCK DISMANTLING OCCUPATIONS,1,1.00
07-08,170400,AVIATION OCCUPATIONS,3,1.74
07-08,170900,COMMERCIAL PHOTOGRAPHY,2,1.17
07-08,171000,CONSTRUCTION OCCUPATIONS,43,22.79
07-08,171016,CONSTRUCTION OCCUP/FINISHING TRADES,15,5.96
07-08,171020,CONSTRUCTION OCCUP/PLANNING & MANAGEMENT,6,2.90
07-08,171100,CONSTRUCTION CAREERS,7,3.29
07-08,171200,TRUCK/DIESEL MECHANICS,1,1.00
07-08,171300,DRAFTING OCCUPATIONS,1,0.20
07-08,171500,ELECTRONICS OCCUPATIONS,3,1.97
07-08,171502,COMMUNICATIONS MEDIA TECH OCCUPATIONS,22,13.77
07-08,171508,MEDIA PRODUCTION,7,3.08
07-08,171510,BROADCAST/MEDIA OCCUPATIONS,5,3.54
07-08,171515,COMMUNICATIONS MEDIA OCCUP,5,3.60
07-08,171600,COMMUNICATION TECH. CAREERS,6,4.41
07-08,171700,MANUFACTURING CAREERS,6,2.99
07-08,171710,MANUFACTURING TECHNOLOGY,6,3.34
07-08,171720,PRINCIPLES OF TECHNOLOGY,2,0.40
07-08,171900,GRAPHIC ARTS,16,9.18
07-08,172300,METAL/MATERIAL PROCESSING OCCUPATIONS,1,1.00
07-08,172302,MACHINE SHOP OPERATIONS,6,1.96
07-08,172306,WELDING OCCUPATIONS,9,5.20
07-08,172350,METALS FABRICATION,4,1.03
07-08,173100,SMALL ENGINE MECHANICS,7,3.54
07-08,173101,RECREATIONAL VEHICLE REPAIR,1,0.20
07-08,173601,CABINET MAKING,7,3.51
07-08,178803,TRUCK/BUS DRIVING OCCUPATIONS,1,0.12
07-08,179090,TEACHER-COORD TRADE & INDUST CO-OP PROG,9,5.48
07-08,180100,GENERAL ELEMENTARY EDUCATION,"15,140","14,596.89"
07-08,180101,KINDERGARTEN,"2,633","2,405.48"
07-08,180102,PREKINDERGARTEN,213,144.20
07-08,180160,BILINGUAL ELEMENTARY EDUCATION,21,20.56
07-08,180401,ECFE PARENT EDUCATOR,382,194.26
07-08,180403,ECFE CHILD EDUCATOR,559,285.71
07-08,180750,SCHOOL READINESS,115,52.58
07-08,190200,"SPECIFIC DISABILITY, EMOTIONAL/BEHAVIOR","1,908","1,292.43"
07-08,190201,SPECIFIC LEARNING DISABILITIES,"2,225","1,533.36"
07-08,190202,"SPECIFIC DISABILITY, AUTISM DISORDER",506,251.81
07-08,190300,"SPECIFIC DISABILITY, PHYSICAL DISABILITI",81,60.56
07-08,190301,DISABILITY SPECIFIC - OTHER HEALTH DISAB,435,113.85
07-08,190302,DEVELOPMENTAL ADAPTED PHY ED,670,361.83
07-08,190480,"SPECIFIC DISABILITY, ORAL/AURAL DEAF ED",28,20.12
07-08,190490,DEAF/BLIND,18,7.54
07-08,190497,"SPECIFIC DISABILITY, DEAF/HARD OF HEARIN",194,148.36
07-08,190498,"SPECIFIC DISABILITY, BLIND/VISUALLY IMP",85,71.79
07-08,190500,EARLY CHILDHOOD SPECIAL EDUCATION,"1,047",952.44
07-08,190700,"SPECIFIC DISABILITY, TRAUMATIC BRAIN INJ",17,2.04
07-08,195000,"HQ-EBD, TEACHING ENGLISH",435,141.41
07-08,195001,"HQ-EBD, TEACHING READING OR LANGUAGE ART",786,261.62
07-08,195002,"HQ-EBD, TEACHING MATHEMATICS",959,295.95
07-08,195003,"HQ-EBD, TEACHING SCIENCE",308,79.42
07-08,195004,"HQ-EBD, TEACHING FOREIGN LANGUAGES",1,0.50
07-08,195005,"HQ-EBD, TEACHING CIVIC & GOVERNMENT",133,33.88
07-08,195006,"HQ-EBD, TEACHING ECONOMICS",12,2.99
07-08,195007,"HQ-EBD, TEACHING GEOGRAPHY",62,14.11
07-08,195008,"HQ-EBD, TEACHING HISTORY",223,63.70
07-08,195009,"HQ-EBD, TEACHING ARTS (VISUAL OR MUSIC)",25,6.69
07-08,195010,"HQ-LD, TEACHING ENGLISH",496,165.30
07-08,195011,"HQ-LD, TEACHING READING OR LANGUAGE ARTS","1,234",525.02
07-08,195012,"HQ-LD, TEACHING MATHEMATICS","1,211",389.00
07-08,195013,"HQ-LD, TEACHING SCIENCE",112,24.00
07-08,195014,"HQ-LD, TEACHING FOREIGN LANGUAGES",2,0.57
07-08,195015,"HQ-LD, TEACHING CIVIC & GOVERNMENT",47,11.38
07-08,195016,"HQ-LD, TEACHING ECONOMICS",9,1.91
07-08,195017,"HQ-LD, TEACHING GEOGRAPHY",17,2.51
07-08,195018,"HQ-LD, TEACHING HISTORY",89,21.18
07-08,195019,"HQ-LD, TEACHING ARTS (VISUAL OR MUSIC)",2,0.74
07-08,195020,"HQ-AUTISM SPEC DIS, TEACHING ENGLISH",76,37.84
07-08,195021,"HQ-AUTISM SPEC DIS, TEACH READ OR LANG",236,67.58
07-08,195022,"HQ-AUTISM SPEC DIS, TEACHING MATHEMATICS",228,56.62
07-08,195023,"HQ-AUTISM SPEC DIS, TEACHING SCIENCE",19,2.52
07-08,195024,"HQ-AUTISM SPEC DIS, TEACHING FOREIGN LAN",2,1.13
07-08,195025,"HQ-AUTISM SPEC DIS, TEACH CIVIC & GOV",5,0.94
07-08,195027,"HQ-AUTISM SPEC DIS, TEACHING GEOGRAPHY",5,0.74
07-08,195028,"HQ-AUTISM SPEC DIS, TEACHING HISTORY",18,6.64
07-08,195029,"HQ-AUTISM SPEC DIS, TEACHING ARTS",5,0.70
07-08,195030,"HQ-PHYSICAL DIS, TEACHING ENGLISH",2,0.70
07-08,195031,"HQ-PHYSICAL DIS, TEACH READ OR LANG ARTS",7,2.55
07-08,195032,"HQ-PHYSICAL DIS, TEACHING MATHEMATICS",6,2.43
07-08,195040,"HQ-OTHER HEALTH DIS, TEACHING ENGLISH",49,9.70
07-08,195041,"HQ-OTHER HEALTH DIS, TEACH READ OR LANG",226,40.85
07-08,195042,"HQ-OTHER HEALTH DIS, TEACHING MATHEMATIC",206,32.06
07-08,195043,"HQ-OTHER HEALTH DIS, TEACHING SCIENCE",18,2.85
07-08,195045,"HQ-OTHER HEALTH DIS, TEACH CIVIC & GOV",3,0.50
07-08,195047,"HQ-OTHER HEALTH DIS, TEACHING GEOGRAPHY",2,2.00
07-08,195048,"HQ-OTHER HEALTH DIS, TEACHING HISTORY",13,1.22
07-08,195049,"HQ-OTHER HEALTH DIS, TEACHING ARTS",1,0.03
07-08,195051,"HQ-ORAL/AURAL DEAF, TEACH READ OR LANG",5,1.75
07-08,195052,"HQ-ORAL/AURAL DEAF ED, TEACH MATHEMATICS",2,0.54
07-08,195053,"HQ-ORAL/AURAL DEAF ED, TEACHING SCIENCE",1,0.17
07-08,195060,"HQ-DEAF/BLIND, TEACHING ENGLISH",2,0.38
07-08,195061,"HQ-DEAF/BLIND,TEACH READING OR LANG ARTS",4,0.65
07-08,195062,"HQ-DEAF/BLIND, TEACHING MATHEMATICS",2,0.46
07-08,195070,"HQ-DEAF HARD HEAR, TEACHING ENGLISH",35,10.65
07-08,195071,"HQ-DEAF HARD HEAR, TEACH READING OR LANG",86,34.56
07-08,195072,"HQ-DEAF HARD HEAR, TEACHING MATHEMATICS",61,18.77
07-08,195073,"HQ-DEAF HARD HEAR, TEACHING SCIENCE",19,6.34
07-08,195075,"HQ-DEAF HARD HEAR, TEACHING CIVIC & GOV",8,4.52
07-08,195076,"HQ-DEAF HARD HEAR, TEACHING ECONOMICS",1,1.00
07-08,195077,"HQ-DEAF HARD HEAR, TEACHING GEOGRAPHY",13,2.91
07-08,195078,"HQ-DEAF HARD HEAR, TEACHING HISTORY",9,3.40
07-08,195079,"HQ-DEAF HARD HEAR, TEACHING ARTS",1,1.00
07-08,195080,"HQ BLIND VIS IMP, TEACHING ENGLISH",10,2.20
07-08,195081,"HQ-BLIND VIS IMP, TEACH READING OR LANG",12,2.00
07-08,195082,"HQ-BLIND VIS IMP, TEACHING MATHEMATICS",14,4.10
07-08,195083,"HQ-BLIND VIS IMP, TEACHING SCIENCE",9,2.57
07-08,195087,"HQ-BLIND VIS IMP, TEACHING GEOGRAPHY",8,1.53
07-08,195090,"HQ-TRAUM BRAIN INJ, TEACHING ENGLISH",4,0.47
07-08,195091,"HQ-TRAUM BRAIN INJ, TEACH READ OR LANG",12,2.86
07-08,195092,"HQ-TRAUM BRAIN INJ, TEACH MATHEMATICS",9,0.67
07-08,195099,"HQ-TRAUM BRAIN INJ, TEACHING ARTS",1,1.00
07-08,195100,"HQ-MILD MOD MENTAL IMP, TEACH ENGLISH",206,81.76
07-08,195101,"HQ-MILD MOD MENTAL IMP, READING OR LANG",508,169.37
07-08,195102,"HQ-MILD MOD MENTAL IMP, TEACH MATHEMATIC",530,150.59
07-08,195103,"HQ-MILD MOD MENTAL IMP, TEACHING SCIENCE",60,11.49
07-08,195105,"HQ-MILD MOD MENTAL IMP, TEACH CIVIC &GOV",18,2.98
07-08,195106,"HQ-MILD MOD MENTAL IMP, TEACH ECONOMICS",3,0.44
07-08,195107,"HQ-MILD MOD MENTAL IMP, TEACH GEOGRAPHY",15,2.32
07-08,195108,"HQ-MILD MOD MENTAL IMP, TEACHING HISTORY",41,8.05
07-08,195109,"HQ-MILD MOD MENTAL IMP, TEACHING ARTS",5,1.53
07-08,195110,"HQ-MOD SEV MENTAL IMP, TEACH ENGLISH",64,19.73
07-08,195111,"HQ-MOD SEV MENTAL IMP, READING OR LANG",223,66.82
07-08,195112,"HQ-MOD SEV MENTAL IMP, TEACHING MATH",234,60.71
07-08,195113,"HQ-MOD SEV MENTAL IMP, TEACHING SCIENCE",22,3.69
07-08,195115,"HQ-MOD SEV MENTAL IMP, TEACH CIVIC & GOV",9,1.79
07-08,195116,"HQ-MOD SEV MENTAL IMP, TEACH ECONOMICS",3,1.40
07-08,195117,"HQ-MOD SEV MENTAL IMP, TEACH GEOGRAPHY",4,0.61
07-08,195118,"HQ-MOD SEV MENTAL IMP, TEACH HISTORY",15,3.23
07-08,195119,"HQ-MOD SEV MENTAL IMP, TEACHING ARTS",3,0.25
07-08,196000,"NOT HQ-EBD, TEACHING ENGLISH",27,7.97
07-08,196001,"NOT HQ-EBD,TEACHING READING OR LANG ARTS",67,22.42
07-08,196002,"NOT HQ-EBD, TEACHING MATHEMATICS",77,21.47
07-08,196003,"NOT HQ-EBD, TEACHING SCIENCE",34,7.42
07-08,196005,"NOT HQ-EBD, TEACHING CIVIC & GOVERNMENT",14,2.62
07-08,196006,"NOT HQ-EBD, TEACHING ECONOMICS",2,0.23
07-08,196007,"NOT HQ-EBD, TEACHING GEOGRAPHY",12,2.64
07-08,196008,"NOT HQ-EBD, TEACHING HISTORY",17,2.76
07-08,196009,"NOT HQ-EBD, TEACHING ARTS (VISUAL OR MUS",3,0.61
07-08,196010,"NOT HQ-LD, TEACHING ENGLISH",30,10.74
07-08,196011,"NOT HQ-LD,TEACHING READING/LANGUAGE ARTS",46,17.56
07-08,196012,"NOT HQ-LD, TEACHING MATHEMATICS",58,17.36
07-08,196013,"NOT HQ-LD, TEACHING SCIENCE",11,1.75
07-08,196015,"NOT HQ-LD, TEACHING CIVIC & GOVERNMENT",2,0.21
07-08,196016,"NOT HQ-LD, TEACHING ECONOMICS",1,0.07
07-08,196017,"NOT HQ-LD, TEACHING GEOGRAPHY",4,0.70
07-08,196018,"NOT HQ-LD, TEACHING HISTORY",11,1.53
07-08,196020,"NOT HQ-AUTISM SPEC DIS, TEACHING ENGLISH",13,4.07
07-08,196021,"NOT HQ-AUTISM SPEC DIS,TEACH READ OR LAN",24,5.76
07-08,196022,"NOT HQ-AUTISM SPEC DIS, TEACH MATHEMATIC",24,7.20
07-08,196023,"NOT HQ-AUTISM SPEC DIS, TEACHING SCIENCE",3,0.44
07-08,196025,"NOT HQ-AUTISM SPEC DIS, TEACH CIVIC & GO",1,0.20
07-08,196027,"NOT HQ-AUTISM SPEC DIS, TEACH GEOGRAPHY",1,0.07
07-08,196028,"NOT HQ-AUTISM SPEC DIS, TEACHING HISTORY",3,0.37
07-08,196040,"NOT HQ-OTHER HEALTH DIS, TEACH ENGLISH",5,0.50
07-08,196041,"NOT HQ-OTH HEALTH DIS,TEACH READ OR LANG",46,9.07
07-08,196042,"NOT HQ-OTHER HEALTH DIS, TEACHING MATH",19,2.91
07-08,196043,"NOT HQ-OTHER HEALTH DIS, TEACH SCIENCE",5,0.33
07-08,196044,"NOT HQ-OTH HEALTH DIS, TEACH FOREIGN LAN",1,0.07
07-08,196045,"NOT HQ-OTHER HEALTH DIS,TEACH CIVIC &GOV",1,0.10
07-08,196046,"NOT HQ-OTHER HEALTH DIS, TEACH ECONOMICS",2,0.19
07-08,196048,"NOT HQ-OTHER HEALTH DIS, TEACH HISTORY",7,0.92
07-08,196050,"NOT HQ-ORAL/AURAL DEAF ED, TEACH ENGLISH",1,0.07
07-08,196051,"NOT HQ-ORAL/AURAL DEAF,TEACH READ OR LAN",1,0.17
07-08,196072,"NOT HQ-DEAF HARD HEAR, TEACH MATHEMATICS",1,0.10
07-08,196090,"NOT HQ-TRAUM BRAIN INJ, TEACHING ENGLISH",1,0.03
07-08,196091,NOT HQ-TRAUM BRAIN INJ-TEACH READ OR LAN,5,0.42
07-08,196092,"NOT HQ-TRAUM BRAIN INJ, TEACH MATHEMATIC",1,0.03
07-08,196093,"NOT HQ-TRAUM BRAIN INJ, TEACHING SCIENCE",2,0.10
07-08,196100,"NOT HQ-MILD MOD MENTAL IMP,TEACH ENGLISH",7,1.81
07-08,196101,"NOT HQ-MILD MOD MENTAL IMP, READ OR LANG",28,8.82
07-08,196102,"NOT HQ-MILD MOD MENTAL IMP, TEACH MATH",22,5.60
07-08,196103,"NOT HQ-MILD MOD MENTAL IMP, SCIENCE",9,1.00
07-08,196105,"NOT HQ-MILD MOD MENTAL IMP, CIVIC & GOV",2,0.21
07-08,196107,"NOT HQ-MILD MOD MENTAL IMP, GEOGRAPHY",4,0.41
07-08,196108,"NOT HQ-MILD MOD MENTAL IMP, HISTORY",6,0.51
07-08,196109,"NOT HQ-MILD MOD MENTAL IMP, TEACH ARTS",1,0.23
07-08,196110,"NOT HQ-MOD SEV MENTAL IMP, TEACH ENGLISH",4,1.33
07-08,196111,"NOT HQ-MOD SEV MENTAL IMP, READ OR LANG",13,3.55
07-08,196112,"NOT HQ-MOD SEV MENTAL IMP, TEACHING MATH",9,2.30
07-08,196113,"NOT HQ-MOD SEV MENTAL IMP, TEACH SCIENCE",1,0.23
07-08,196118,"NOT HQ-MOD SEV MENTAL IMP, TEACH HISTORY",1,0.40
07-08,199801,SPECIF DISABILITY--MILD TO MODERATE,866,545.04
07-08,199802,"SPECIFIC DISABILITY, MOD-SEVERE MENTAL",585,427.44
07-08,200100,INTRODUCTION TO AGRICULTURE,76,23.65
07-08,200300,HORTICULTURE/ANIMAL OR CROP PRODUCTION,26,6.25
07-08,200501,AGRICULTURAL MANAGEMENT,25,6.81
07-08,200505,NATURAL RESOURCES MANAGEMENT,22,6.01
07-08,300100,ELEM KEYBOARDING/BASIC COMPUTER,199,93.84
07-08,301100,KEYBOARDING/BASIC COMPUTER OPERATIONS,339,148.62
07-08,301200,GENERAL BUSINESS COMPUTER APPLICATIONS,192,77.84
07-08,301300,COMPUTER PROGRAMMING,50,16.80
07-08,301400,COMPUTER HARDWARE TECHNOLOGY,15,4.02
07-08,301500,NETWORK TECHNOLOGY,20,7.96
07-08,301600,COMPUTER COMMUNICATIONS & THE INTERNET,59,20.51
07-08,301700,WEB PAGE DESIGN,98,28.08
07-08,301800,CAD (COMPUTER ASSISTED DESIGN)DRAFTING,51,16.26
07-08,890099,TEACHER ON SPECIAL ASSIGN-INSTRUCTIONAL,48,29.96
07-08,890100,ADULT BASIC ED,372,243.99
07-08,890200,GIFTED ED TEACHER,316,226.80
07-08,890300,HOMEBOUND TEACHER,20,11.15
07-08,890413,NON CORE EXPERIMENTAL PROGRAM TEACHER,81,24.38
07-08,890500,HUMANITIES,30,13.23
07-08,890600,HOMEROOM/ADVISORY/TEACHER PREP,"2,322",376.00
07-08,890700,GRAD STANDARDS INSTRUCTOR,9,6.46
07-08,890800,TUTOR,8,4.77
07-08,891000,"HQ-EXP PROG, ENGLISH",82,23.25
07-08,891001,"HQ-EXP PROG, READING/LANGUAGE ARTS",88,26.91
07-08,891002,"HQ-EXP PROG, MATHEMATICS",120,38.09
07-08,891003,"HQ-EXP PROG, SCIENCE",94,29.97
07-08,891004,"HQ-EXP PROG, FOREIGN LANGUAGE",1,1.00
07-08,891005,"HQ-EXP PROG, CIVICS & GOVERNMENT",40,6.13
07-08,891006,"HQ-EXP PROG, ECONOMICS",26,3.20
07-08,891007,"HQ-EXP PROG, GEORAPHY",25,2.71
07-08,891008,"HQ-EXP PROG, TEACHING HISTORY",61,12.86
07-08,891009,"HQ-EXP PROG, ARTS (VISUAL/MUSIC)",26,3.13
07-08,892000,"NOT HQ-EXP PROG, ENGLISH",43,9.13
07-08,892001,"NOT HQ-EXP PROG, READING/LANGUAGE ARTS",41,9.10
07-08,892002,"NOT HQ-EXP PROG, MATHEMATICS",51,10.56
07-08,892003,"NOT HQ-EXP PROG, SCIENCE",47,7.99
07-08,892005,"NOT HQ-EXP PROG, CIVICS & GOVERNMENT",25,2.75
07-08,892006,"NOT HQ-EXP PROG, ECONOMICS",18,1.73
07-08,892007,"NOT HQ-EXP PROG, GEOGRAPHY",25,2.63
07-08,892008,"NOT HQ-EXP PROG, HISTORY",36,6.28
07-08,892009,"NOT HQ-EXP PROG, ARTS (VISUAL/MUSIC)",23,3.68
07-08,899999,RESERVE TEACHER,75,54.60
07-08,900088,AREA LEARNING CENTER ADMINISTRATOR,44,35.92
07-08,900099,ADMINISTRATOR ON SPECIAL ASSIGNMENT,53,49.35
07-08,916000,MEDIA SUPERVISOR,1,1.00
07-08,917000,SUPERVISOR OF SPECIAL EDUCATION,44,41.39
07-08,917010,SUPV OF VISUALLY HANDICAPPED,1,0.50
07-08,917040,SUPERVISOR OF EARLY ED/SPECIAL ED,5,3.80
07-08,917060,SUPERVISOR MODERATE TO SEVERE MENTAL HCP,1,0.50
07-08,917080,SUPV OF SPEECH CORRECTION,1,0.33
07-08,917095,SUPERVISOR OF SCHOOL SOCIAL WORK,1,0.27
07-08,918000,SUPERVISOR OF EBD,6,3.43
07-08,919000,SUPERVISOR OF LD,3,1.80
07-08,920001,SUPERINTENDENT,338,307.54
07-08,920002,ASSISTANT SUPERINTENDENT,37,37.00
07-08,931001,"PRINCIPAL, ELEMENTARY",742,694.64
07-08,931002,"ASSISTANT PRINCIPAL, ELEMENTARY",68,64.74
07-08,932001,"PRINCIPAL, SECONDARY",395,366.41
07-08,932002,"ASSISTANT PRINCIPAL, SECONDARY",302,297.04
07-08,933000,"PRINCIPAL, K-12 BUILDING",86,78.70
07-08,933001,"PRINCIPAL, MIDDLE SCHOOL",175,161.69
07-08,933002,"ASSISTANT PRINCIPAL, MIDDLE SCHOOL",134,131.17
07-08,933010,"ASSISTANT PRINCIPAL, K-12 BUILDING",13,13.00
07-08,940200,SPEECH LANGUAGE PATHOLOGIST,"1,744","1,584.10"
07-08,940300,"GUIDANCE AND COUNSELING, SECONDARY",837,779.18
07-08,940301,"GUIDANCE AND COUNSELING, MIDDLE SCHOOL",177,159.34
07-08,940302,"GUIDANCE AND COUNSELING, ELEMENTARY",170,138.23
07-08,940400,LIBRARIAN,200,172.54
07-08,940500,SCHOOL PSYCHOLOGIST,690,631.99
07-08,940700,SCHOOL SOCIAL WORKER,"1,022",955.87
07-08,940800,SCHOOL NURSE,541,461.40
07-08,941000,MEDIA GENERALIST,720,669.75
07-08,950100,"COORDINATOR, ECFE",141,89.60
07-08,950200,"COORDINATOR, SCHOOL READINESS",74,35.51
07-08,950300,AUDIO-VISUAL COORDINATOR,1,0.80
07-08,950500,"COORDINATOR, GIFTED EDUCATION",45,31.67
07-08,960100,AUDIO-VISUAL DIRECTOR,1,0.17
07-08,960200,CURRICULUM DIRECTOR/COORDINATOR,54,45.16
07-08,960300,SPECIAL EDUCATION DIRECTOR,126,118.46
07-08,960301,"ASSISTANT DIRECTOR, SPECIAL EDUCATION",39,36.12
07-08,960400,SECONDARY EDUCATION DIRECTOR,12,8.80
07-08,960500,ELEMENTARY EDUCATION DIRECTOR,8,7.50
07-08,960600,GUIDANCE DIRECTOR,1,1.00
07-08,960700,COMMUNITY EDUCATION DIRECTOR,176,135.37
07-08,990099,TEACHER ON SP ASSIGN-NON INSTRUCTIONAL,482,364.77
07-08,990100,DEPARTMENT CHAIR (ACADEMIC SUBJECT AREA),104,82.93
07-08,990110,PROGRAM/Q COMP COORDINATOR,168,130.38
07-08,990200,STAFF DEVELOPMENT,179,128.49
07-08,990250,TEACHER MENTORSHIP/Q COMP MENTOR,335,261.07
07-08,990300,"MONITORING, STUDY HALL/COMP. LAB, ETC","1,680",303.21
07-08,990350,GRANT COORDINATOR,9,7.13
07-08,990400,CURRICULUM DEVELOPMENT/GRAD STANDARDS,322,234.87
07-08,990500,"PROGRAM COORDINATOR, SP ED",338,282.67
07-08,990900,DEAN OF STUDENTS,226,192.43
07-08,Grand,Totals Statewide:,"66,115","63,329.16"
