Year,Assignment Code,Assignment Description,Head Count,FTE
09-10,110,"DIRECTOR, SECONDARY LOCAL VOC PROGRAM             ",5,4.33
09-10,111,"ASSISTANT DIRECTOR, LOCAL VOC PROGRAM             ",1,1
09-10,115,"DIRECTOR, SECONDARY VOCATIONAL CENTER             ",2,1.5
09-10,670,SUPPORT SERVICE FACILITATOR                       ,4,4
09-10,690,CAREER ACCOMMODATION SPECIALIST                   ,2,0.64
09-10,710,VOCATIONAL EVALUATOR                              ,4,4.02
09-10,745,TEACHER-COORD WORK EXP DISADVANTAGED              ,72,52.93
09-10,750,TEACHER-COORD WORK EXP/HANDICAPPED                ,203,162.34
09-10,755,TCH-COORD WORK EXP/CAREER EXPLOR(WECEP)           ,24,12.73
09-10,790,VOC SUPPL SUPPORT/TECHNICAL TUTOR                 ,17,11.59
09-10,1050,EMPLOYMENT PLACEMENT SPECIALIST                   ,6,3.87
09-10,9095,TEACHER-COORD DIVERSIFIED OCC CO-OP PROG          ,12,4.91
09-10,10001,AGRICULTURE EXPLORATION/INTRO TO AG               ,62,20.26
09-10,10300,AGRICULTURE MECHANICS TECHNOLOGY                  ,78,26.7
09-10,10400,AGRICULTURE BUSINESS MANAGEMENT                   ,14,3.02
09-10,10500,HORTICULTURE LANDSCAPING MANAGEMENT               ,28,6.71
09-10,10700,FORESTRY & NATURAL RESOURCES MANAGEMENT           ,28,7.61
09-10,19090,TEACHER-COORD OF AG CO-OP PROG/NON-FARM           ,35,9.45
09-10,19901,AGRICULTURE/COMBINED PROGRAM                      ,89,47.4
09-10,19910,ANIMAL SCIENCE AND TECHNOLOGY                     ,47,14.88
09-10,20102,ART-HISTORY AND APPRECIATION                      ,115,47.87
09-10,20207,MEDIA ARTS/PHOTOGRAPHY                            ,167,70.23
09-10,20300,ELEMENTARY ART                                    ,563,404.04
09-10,20400,MIDDLE/JUNIOR HIGH VISUAL ARTS                    ,439,250.67
09-10,20501,FOUNDATIONS OF STUDIO ART                         ,303,153.1
09-10,20502,SINGLE OR MIXED MEDIA STUDIO ART                  ,419,242.01
09-10,20601,COMMERCIAL ART/GRAPHIC DESIGN                     ,95,31.45
09-10,21337,DRAMATIC LITERATURE (PERFORMING ARTS)             ,4,2.02
09-10,21503,ORAL INTERPRETATION (PERFORMING ARTS)             ,2,1.21
09-10,21509,TV/FILM PRODUCTION                                ,26,9.61
09-10,21603,THEATRE ARTS                                      ,64,36.38
09-10,21610,DANCE                                             ,39,22.37
09-10,22300,CLASSROOM/GENERAL MUSIC                           ,1090,727.7
09-10,22401,VOCAL MUSIC                                       ,763,571
09-10,22501,BAND                                              ,839,645.1
09-10,22502,ORCHESTRA                                         ,192,136.42
09-10,40800,MARKETING OCCUPATIONS                             ,28,18.23
09-10,49090,TEACHER-COORD MARKETING OCC CO-OP PROG            ,17,7.62
09-10,49956,PERFORMING ARTS OCCUPATIONS                       ,1,0.65
09-10,50100,COMPREHENSIVE LANGUAGE ARTS                       ,3014,2211.41
09-10,50194,ELEMENTARY READING                                ,1646,968.37
09-10,50199,SECONDARY READING                                 ,345,228.73
09-10,50300,LITERATURE                                        ,764,372.57
09-10,50337,DRAMATIC LITERATURE (COMMUNICATION ARTS)          ,94,26.5
09-10,50372,MASS MEDIA COMMUNICATIONS                         ,96,32.63
09-10,50380,ADVANCED PLACEMENT ENGLISH                        ,349,127.05
09-10,50390,INTERNATIONAL BACCALAUREATE ENGLISH               ,51,19.85
09-10,50400,COMPOSITION                                       ,413,165.63
09-10,50402,CREATIVE WRITING                                  ,187,60.06
09-10,50403,JOURNALISM                                        ,164,45.59
09-10,50405,TECHNICAL WRITING                                 ,83,25.32
09-10,50501,PUBLIC SPEAKING                                   ,114,44.17
09-10,50503,ORAL INTERPRETATION (COMMUNICATION ARTS)          ,15,7.06
09-10,50507,FILM STUDIES                                      ,52,16.38
09-10,50508,ORAL COMMUNICATION/DISCUSSION                     ,38,14.12
09-10,50509,FILM/RADIO/TV BROADCASTING                        ,17,5.22
09-10,60105,LATIN                                             ,20,13.8
09-10,60201,AMERICAN SIGN LANGUAGE                            ,30,25.62
09-10,60203,CHINESE                                           ,57,45.56
09-10,60206,ENGLISH AS SECOND LANGUAGE                        ,1010,877.8
09-10,60208,FRENCH                                            ,194,143.19
09-10,60209,GERMAN                                            ,163,111.73
09-10,60212,HEBREW                                            ,1,0.6
09-10,60214,JAPANESE                                          ,16,12.18
09-10,60218,RUSSIAN                                           ,3,0.91
09-10,60219,SPANISH                                           ,998,844.14
09-10,60221,OJIBWE                                            ,12,8.02
09-10,60253,"CHINESE, AP                                       ",1,0.2
09-10,60258,FRENCH - ADVANCED PLACEMENT                       ,20,7.22
09-10,60259,GERMAN - ADVANCED PLACEMENT                       ,17,4.82
09-10,60359,SPANISH - ADVANCED PLACEMENT                      ,91,32.79
09-10,60401,EXPLORATORY LANGUAGE/CULTURE PROGRAM              ,49,22.01
09-10,61000,"HQ-ESL, TEACHING ENGLISH                          ",199,129.73
09-10,61001,"HQ-ESL, TEACHING READING OR LANGUAGE ART          ",196,146.1
09-10,61002,"HQ-ESL, TEACHING MATHEMATICS                      ",51,16.36
09-10,61003,"HQ-ESL, TEACHING SCIENCE                          ",17,5.58
09-10,61005,"HQ-ESL, TEACHING CIVIC & GOVERNMENT               ",8,2.42
09-10,61007,"HQ-ESL, TEACHING GEOGRAPHY                        ",8,1.7
09-10,61008,"HQ-ESL, TEACHING HISTORY                          ",23,7.41
09-10,61009,"HQ-ESL, TEACHING ARTS                             ",1,0.67
09-10,62000,"NOT HQ-ESL, TEACHING ENGLISH                      ",22,12.84
09-10,62001,"NOT HQ-ESL, TEACHING READING OR LANGUAGE          ",13,6.29
09-10,62002,"NOT HQ-ESL, TEACHING MATHEMATICS                  ",5,2.02
09-10,62003,"NOT HQ-ESL, TEACHING SCIENCE                      ",9,3.37
09-10,62005,"NOT HQ-ESL, TEACHING CIVIC & GOVERNMENT           ",2,0.37
09-10,62007,"NOT HQ-ESL, TEACHING GEOGRAPHY                    ",1,0.11
09-10,62008,"NOT HQ-ESL, TEACHING HISTORY                      ",3,1.19
09-10,69991,OTHER LANGUAGES NOT LISTED                        ,24,20.17
09-10,70101,DENTAL ASSISTING                                  ,1,0.8
09-10,70300,HEALTH SCIENCES & TECHNOLOGY EDUCATION            ,27,18.76
09-10,70303,NURSING SERVICES                                  ,2,1
09-10,70907,EMERGENCY MEDICAL TECHNICIAN                      ,4,3.99
09-10,72100,MEDICAL CAREERS                                   ,15,7.6
09-10,79090,TEACHER-COORD HEALTH OCCUP CO-OP PROG             ,1,0.67
09-10,80100,HEALTH EDUCATION/PERSONAL WELLNESS                ,759,431.43
09-10,80106,"SAFETY, FIRST AID &/OR FIRST RESPONDER            ",18,5.19
09-10,80300,GENERAL PHYSICAL EDUCATION                        ,2527,1922.34
09-10,80302,SWIMMING                                          ,24,10.53
09-10,80306,"INDIVIDUAL, DUAL & TEAM SPORTS                    ",226,91.46
09-10,80310,PHYSICAL CONDITIONING/FITNESS                     ,331,130.28
09-10,80700,DRIVER & TRAFFIC SAFETY CLASSROOM                 ,53,20.83
09-10,80710,DRIVER & TRAFFIC SAFETY BEHIND-THE-WHEEL          ,2,1.03
09-10,90100,GENERAL FAMILY & CONSUMER SCIENCE                 ,320,194.44
09-10,90101,VOC-CONSUMER HOMEMAKING OCCUPATIONS               ,79,40.27
09-10,90102,CHILD DEVELOPMENT/PARENTING                       ,130,41.35
09-10,90103,CLOTHING & TEXTILES                               ,78,25.64
09-10,90104,PERSONAL FINANCE                                  ,60,20.01
09-10,90106,FAMILY LIVING                                     ,82,31.05
09-10,90107,FOODS & NUTRITION                                 ,281,135.6
09-10,90109,HOUSING & HOME FURNISHINGS                        ,41,11.3
09-10,90112,VOC-CONSUMER HOMEMAKING OCC/OPTION 4              ,18,6.58
09-10,90121,VOC-INDIVIDUAL/FAMILY LIFE & PARENTING            ,31,10.37
09-10,90201,VOC-CHILD CARE/GUIDANCE & ED OCCUPATION           ,7,4.72
09-10,90300,CREATIVE DESIGN CAREERS                           ,1,1
09-10,91100,BUILDING CARE/MAINTENANCE OCCUPATIONS             ,1,1
09-10,92602,COSMETOLOGY OCCUPATIONS                           ,10,8.75
09-10,92900,HOSPITALITY SERVICES CAREERS                      ,2,1.4
09-10,92902,FOODS OCCUPATIONS                                 ,11,9.46
09-10,99090,TEACHER-COORD SERVICE OCCUP CO-OP PROG            ,3,1.28
09-10,100100,BASIC BUILDING CONSTRUCTION PROCESSES             ,93,38.04
09-10,100400,ELECTRICITY                                       ,17,4.79
09-10,100403,ELECTRONICS                                       ,25,7.92
09-10,100500,ELEMENTARY INDUST/TECHNOLOGY ED                   ,28,12.16
09-10,100600,GENERAL INDUST/TECHNOLOGY ED                      ,399,234.57
09-10,100690,PRINCIPALS OF TECHNOLOGY OR TECH SYSTEMS          ,43,15.41
09-10,100800,HOME & BUILDING MAINTENANCE                       ,17,5.48
09-10,101300,MFG. & METALWORK TECHS./SYSTEMS                   ,133,45.07
09-10,101600,"ENERGY, POWER & TRANSPORT. TECH/SYSTEMS           ",130,43.82
09-10,101701,TECHNICAL DRAWING/DRAFTING                        ,94,32.14
09-10,101901,WOODWORKING TECHNOLOGY                            ,243,95.41
09-10,102100,COMMUNICATION TECHNOLOGY                          ,78,30.94
09-10,102500,MEDIA PRODUCTION                                  ,60,25.31
09-10,110100,ELEMENTARY MATH                                   ,1025,469.82
09-10,110200,7TH GRADE MATH                                    ,666,335.91
09-10,110210,8TH GRADE MATH                                    ,514,255.58
09-10,110301,ALGEBRA/INTEGRATED MATH I                         ,1428,641.97
09-10,110502,GENERAL OR CONSUMER MATH                          ,163,58.55
09-10,110505,BASIC MATHEMATICS                                 ,324,153.97
09-10,110600,CALCULUS                                          ,166,48.55
09-10,110601,PRE-CALCULUS/INTEGRATED MATH IV                   ,415,159.57
09-10,110610,AP/IB CALCULUS                                    ,172,59.9
09-10,111101,PRE-ALGEBRA                                       ,499,213.72
09-10,111102,BILINGUAL MATH                                    ,3,2.07
09-10,111200,GEOMETRY/INTEGRATED MATH II                       ,1053,471.66
09-10,111300,ADVANCED ALGEBRA/INTEGRATED MATH III              ,827,360.68
09-10,111500,PROBABILITY & STATISTICS/DISCRETE MATH            ,273,104.09
09-10,119991,OTHER MATH CLASSES                                ,295,106.67
09-10,130010,ELEMENTARY SCIENCE                                ,380,222.94
09-10,130100,INTEGRATED SCIENCE                                ,110,72.79
09-10,130102,BILINGUAL SCIENCE                                 ,1,1
09-10,130210,LIFE SCIENCE                                      ,883,570.56
09-10,130215,SECOND LEVEL BIOLOGY                              ,134,46.5
09-10,130216,GENERAL BIOLOGY                                   ,786,419.25
09-10,130290,BIOLOGY - AP/IB                                   ,125,44.2
09-10,130295,BIOLOGY SPECIAL TOPICS                            ,275,110.7
09-10,130310,PHYSICAL SCIENCE                                  ,758,413.5
09-10,130333,GENERAL CHEMISTRY                                 ,577,304.67
09-10,130351,GENERAL PHYSICS                                   ,354,144.53
09-10,130352,ADVANCED PHYSICS                                  ,57,23.34
09-10,130355,ASTRONOMY                                         ,45,12.67
09-10,130359,PHYSICS - AP/IB                                   ,47,15.64
09-10,130390,CHEMISTRY - AP/IB                                 ,89,31.4
09-10,130395,CHEMISTRY SPECIAL TOPICS                          ,46,16.95
09-10,130412,EARTH SCIENCE                                     ,589,366.94
09-10,130413,AERONAUTICS/AVIATION                              ,15,5.55
09-10,130502,ENVIRONMENTAL SCIENCE                             ,323,116.66
09-10,140100,ACCOUNTING (VOC)                                  ,31,9.95
09-10,140102,ACCOUNTING/BOOKKEEPING                            ,204,53.84
09-10,140120,BANKING AND FINANCE                               ,4,1.04
09-10,140200,DATA PROCESSING                                   ,4,1.58
09-10,140301,OFFICE PROCEDURES                                 ,18,6.28
09-10,140310,BUSINESS COMMUNICATIONS                           ,34,11.16
09-10,140320,SALES/MARKETING                                   ,74,27.78
09-10,140330,BUSINESS ORGANIZATION/MANAGEMENT                  ,70,23.3
09-10,140500,BUSINESS SIMULATION OCCUPATIONS                   ,11,3.69
09-10,140710,ADMINISTRATIVE SUPPORT OCCUPATIONS                ,70,38.81
09-10,149090,TEACHER-COORD BUSINESS OCC CO-OP PROG             ,28,10.19
09-10,149918,PERSONAL & BUSINESS LAW                           ,53,13.46
09-10,149922,FINANCIAL MANAGEMENT                              ,93,28.11
09-10,149982,BUSINESS MATH                                     ,18,4.39
09-10,149991,OTHER BUSINESS CLASSES                            ,80,31.19
09-10,150100,ELEMENTARY SOCIAL STUDIES                         ,344,175.86
09-10,150102,ANTHROPOLOGY/ARCHEOLOGY                           ,19,5.59
09-10,150110,"AMER. INDIAN HISTORY, LANG. & CULTURE             ",55,35.32
09-10,150600,ECONOMICS                                         ,439,182.6
09-10,150700,GEOGRAPHY                                         ,898,505.37
09-10,150800,HISTORY                                           ,1870,1171.3
09-10,151000,"POLITICAL SCIENCE (CIVICS, AMER. GOVT.)           ",727,339.28
09-10,151090,AP/IB SOCIAL STUDIES                              ,325,138.88
09-10,151103,PSYCHOLOGY                                        ,257,91.11
09-10,151200,SOCIOLOGY                                         ,186,57.64
09-10,151300,PHILOSOPHY                                        ,22,7.07
09-10,159991,INTEGRATED SOCIAL STUDIES                         ,455,288.62
09-10,160000,TECHER/COORD. WORK BASED LEARNING                 ,87,43.09
09-10,160100,SELF-MANAGEMENT/LIFE SKILLS                       ,62,23.17
09-10,160200,CAREER EXPLORATION                                ,185,57
09-10,160300,STUDY SKILLS                                      ,305,108.74
09-10,170300,TRANSPORTATION CAREERS                            ,4,3
09-10,170301,AUTO BODY REPAIR OCCUPATIONS                      ,7,4.73
09-10,170302,AUTO MECHANICS                                    ,43,31.52
09-10,170303,VEHICLE SERVICES OCCUPATIONS                      ,11,6.04
09-10,170312,SERVICE STATION MECHANICS                         ,2,0.65
09-10,170321,METAL FABRICATION OCCUPATIONS                     ,3,1.35
09-10,170322,AUTO/TRUCK SERVICE AND REPAIR                     ,1,1
09-10,170400,AVIATION OCCUPATIONS                              ,3,1.73
09-10,170900,COMMERCIAL PHOTOGRAPHY                            ,3,1.88
09-10,171000,CONSTRUCTION OCCUPATIONS                          ,53,24.73
09-10,171016,CONSTRUCTION OCCUP/FINISHING TRADES               ,16,7.94
09-10,171020,CONSTRUCTION OCCUP/PLANNING & MANAGEMENT          ,6,2.48
09-10,171100,CONSTRUCTION CAREERS                              ,7,3.01
09-10,171200,TRUCK/DIESEL MECHANICS                            ,1,1
09-10,171300,DRAFTING OCCUPATIONS                              ,4,1.51
09-10,171310,ELECTROMECHANICAL TECHNOLOGY OCCUPATIONS          ,1,0.34
09-10,171500,ELECTRONICS OCCUPATIONS                           ,6,3.24
09-10,171502,COMMUNICATIONS TECHNOLOGY OCCUPATIONS             ,37,23.52
09-10,171508,MEDIA PRODUCTION                                  ,5,2.92
09-10,171510,BROADCAST/MEDIA OCCUPATIONS                       ,5,2.79
09-10,171515,COMMUNICATIONS MEDIA OCCUP                        ,4,3.2
09-10,171600,COMMUNICATION TECH. CAREERS                       ,5,3.33
09-10,171700,MANUFACTURING CAREERS                             ,2,0.6
09-10,171705,INDUSTRIAL DESIGN TECHNOLOGY OCCUPATIONS          ,1,0.33
09-10,171710,MANUFACTURING TECHNOLOGY                          ,6,2.23
09-10,171730,MECHANICAL TECHNOLOGY OCCUPATIONS                 ,1,0.77
09-10,171900,GRAPHIC ARTS                                      ,13,6.81
09-10,172300,METAL/MATERIAL PROCESSING OCCUPATIONS             ,1,1
09-10,172302,MACHINE SHOP OPERATIONS                           ,3,1
09-10,172306,WELDING OCCUPATIONS                               ,10,5.51
09-10,172350,METALS FABRICATION                                ,3,1.25
09-10,173100,SMALL ENGINE MECHANICS                            ,11,3.48
09-10,173101,RECREATIONAL VEHICLE REPAIR                       ,1,0.25
09-10,173601,CABINET MAKING                                    ,8,3.15
09-10,178803,TRUCK/BUS DRIVING OCCUPATIONS                     ,1,0.28
09-10,179090,TEACHER-COORD TRADE & INDUST CO-OP PROG           ,6,3.2
09-10,180100,GENERAL ELEMENTARY EDUCATION                      ,14816,14336.22
09-10,180101,KINDERGARTEN                                      ,2758,2542.93
09-10,180102,PREKINDERGARTEN                                   ,259,184.25
09-10,180160,BILINGUAL ELEMENTARY EDUCATION                    ,17,16.26
09-10,180401,ECFE PARENT EDUCATOR                              ,373,180.2
09-10,180403,ECFE CHILD EDUCATOR                               ,543,279.54
09-10,180750,SCHOOL READINESS                                  ,136,66.83
09-10,190200,"SPECIFIC DISABILITY, EMOTIONAL/BEHAVIOR           ",1972,1319.24
09-10,190201,SPECIFIC LEARNING DISABILITIES                    ,2276,1532.64
09-10,190202,"SPECIFIC DISABILITY, AUTISM DISORDER              ",671,361.81
09-10,190300,"SPECIFIC DISABILITY, PHYSICAL DISABILITY          ",83,61.67
09-10,190301,DISABILITY SPECIFIC - OTHER HEALTH DISAB          ,478,137.48
09-10,190302,DEVELOPMENTAL ADAPTED PHY ED                      ,658,343.32
09-10,190480,"SPECIFIC DISABILITY, ORAL/AURAL DEAF ED           ",30,23.57
09-10,190490,DEAF/BLIND                                        ,18,10.42
09-10,190497,"SPECIFIC DISABILITY, DEAF/HARD OF HEARIN          ",188,144.39
09-10,190498,"SPECIFIC DISABILITY, BLIND/VISUALLY IMP           ",82,71.91
09-10,190500,EARLY CHILDHOOD SPECIAL EDUCATION                 ,1118,1026.89
09-10,190700,"SPECIFIC DISABILITY, TRAUMATIC BRAIN INJ          ",20,4.39
09-10,195000,"HQ-EBD, TEACHING ENGLISH                          ",360,129.36
09-10,195001,"HQ-EBD, TEACHING READING OR LANGUAGE ART          ",761,265.88
09-10,195002,"HQ-EBD, TEACHING MATHEMATICS                      ",852,260.79
09-10,195003,"HQ-EBD, TEACHING SCIENCE                          ",300,74.51
09-10,195004,"HQ-EBD, TEACHING FOREIGN LANGUAGES                ",1,0.17
09-10,195005,"HQ-EBD, TEACHING CIVIC & GOVERNMENT               ",88,26.06
09-10,195006,"HQ-EBD, TEACHING ECONOMICS                        ",18,5.1
09-10,195007,"HQ-EBD, TEACHING GEOGRAPHY                        ",58,11.78
09-10,195008,"HQ-EBD, TEACHING HISTORY                          ",233,58.16
09-10,195009,"HQ-EBD, TEACHING ARTS (VISUAL OR MUSIC)           ",21,6.75
09-10,195010,"HQ-LD, TEACHING ENGLISH                           ",381,137.03
09-10,195011,"HQ-LD, TEACHING READING OR LANGUAGE ARTS          ",1275,562.08
09-10,195012,"HQ-LD, TEACHING MATHEMATICS                       ",1161,378.43
09-10,195013,"HQ-LD, TEACHING SCIENCE                           ",105,24.12
09-10,195015,"HQ-LD, TEACHING CIVIC & GOVERNMENT                ",32,7.62
09-10,195016,"HQ-LD, TEACHING ECONOMICS                         ",12,3.81
09-10,195017,"HQ-LD, TEACHING GEOGRAPHY                         ",21,3.55
09-10,195018,"HQ-LD, TEACHING HISTORY                           ",67,14.91
09-10,195019,"HQ-LD, TEACHING ARTS (VISUAL OR MUSIC)            ",4,1.34
09-10,195020,"HQ-AUTISM SPEC DIS, TEACHING ENGLISH              ",99,72.7
09-10,195021,"HQ-AUTISM SPEC DIS, TEACH READ OR LANG            ",251,71.95
09-10,195022,"HQ-AUTISM SPEC DIS, TEACHING MATHEMATICS          ",215,50.07
09-10,195023,"HQ-AUTISM SPEC DIS, TEACHING SCIENCE              ",30,5.7
09-10,195024,"HQ-AUTISM SPEC DIS, TEACHING FOREIGN LAN          ",1,0.17
09-10,195025,"HQ-AUTISM SPEC DIS, TEACH CIVIC & GOV             ",6,1.09
09-10,195027,"HQ-AUTISM SPEC DIS, TEACHING GEOGRAPHY            ",7,0.9
09-10,195028,"HQ-AUTISM SPEC DIS, TEACHING HISTORY              ",14,2.84
09-10,195029,"HQ-AUTISM SPEC DIS, TEACHING ARTS                 ",8,1.29
09-10,195031,"HQ-PHYSICAL DIS, TEACH READ OR LANG ARTS          ",3,1.98
09-10,195032,"HQ-PHYSICAL DIS, TEACHING MATHEMATICS             ",2,1.02
09-10,195040,"HQ-OTHER HEALTH DIS, TEACHING ENGLISH             ",51,8.62
09-10,195041,"HQ-OTHER HEALTH DIS, TEACH READ OR LANG           ",220,41.83
09-10,195042,"HQ-OTHER HEALTH DIS, TEACHING MATHEMATIC          ",226,38.97
09-10,195043,"HQ-OTHER HEALTH DIS, TEACHING SCIENCE             ",22,3.42
09-10,195044,"HQ-OTHER HEALTH DIS, TEACH FOREIGN LANG           ",1,0.63
09-10,195045,"HQ-OTHER HEALTH DIS, TEACH CIVIC & GOV            ",5,0.53
09-10,195047,"HQ-OTHER HEALTH DIS, TEACHING GEOGRAPHY           ",4,0.89
09-10,195048,"HQ-OTHER HEALTH DIS, TEACHING HISTORY             ",16,1.99
09-10,195049,"HQ-OTHER HEALTH DIS, TEACHING ARTS                ",2,0.53
09-10,195051,"HQ-ORAL/AURAL DEAF, TEACH READ OR LANG            ",9,5.17
09-10,195052,"HQ-ORAL/AURAL DEAF ED, TEACH MATHEMATICS          ",3,0.76
09-10,195070,"HQ-DEAF HARD HEAR, TEACHING ENGLISH               ",19,7.27
09-10,195071,"HQ-DEAF HARD HEAR, TEACH READING OR LANG          ",67,30.01
09-10,195072,"HQ-DEAF HARD HEAR, TEACHING MATHEMATICS           ",40,12.86
09-10,195073,"HQ-DEAF HARD HEAR, TEACHING SCIENCE               ",15,5.85
09-10,195074,"HQ-DEAF HARD HEAR, TEACHING FOREIGN LANG          ",1,0.17
09-10,195075,"HQ-DEAF HARD HEAR, TEACHING CIVIC & GOV           ",7,5.76
09-10,195077,"HQ-DEAF HARD HEAR, TEACHING GEOGRAPHY             ",9,2.1
09-10,195078,"HQ-DEAF HARD HEAR, TEACHING HISTORY               ",8,2.22
09-10,195079,"HQ-DEAF HARD HEAR, TEACHING ARTS                  ",1,1
09-10,195080,"HQ BLIND VIS IMP, TEACHING ENGLISH                ",9,1.9
09-10,195081,"HQ-BLIND VIS IMP, TEACH READING OR LANG           ",13,3.7
09-10,195082,"HQ-BLIND VIS IMP, TEACHING MATHEMATICS            ",13,4.53
09-10,195083,"HQ-BLIND VIS IMP, TEACHING SCIENCE                ",9,2.6
09-10,195087,"HQ-BLIND VIS IMP, TEACHING GEOGRAPHY              ",8,1.6
09-10,195090,"HQ-TRAUM BRAIN INJ, TEACHING ENGLISH              ",2,0.26
09-10,195091,"HQ-TRAUM BRAIN INJ, TEACH READ OR LANG            ",7,0.56
09-10,195092,"HQ-TRAUM BRAIN INJ, TEACH MATHEMATICS             ",8,0.73
09-10,195093,"HQ-TRAUM BRAIN INJ, TEACHING SCIENCE              ",1,0.03
09-10,195097,"HQ-TRAUM BRAIN INJ, TEACHING GEOGRAPHY            ",1,0.03
09-10,195100,"HQ-MILD MOD MENTAL IMP, TEACH ENGLISH             ",142,48.25
09-10,195101,"HQ-MILD MOD MENTAL IMP, READING OR LANG           ",480,163.38
09-10,195102,"HQ-MILD MOD MENTAL IMP, TEACH MATHEMATIC          ",481,131.36
09-10,195103,"HQ-MILD MOD MENTAL IMP, TEACHING SCIENCE          ",62,13.36
09-10,195105,"HQ-MILD MOD MENTAL IMP, TEACH CIVIC &GOV          ",22,5
09-10,195106,"HQ-MILD MOD MENTAL IMP, TEACH ECONOMICS           ",13,3.93
09-10,195107,"HQ-MILD MOD MENTAL IMP, TEACH GEOGRAPHY           ",21,4.03
09-10,195108,"HQ-MILD MOD MENTAL IMP, TEACHING HISTORY          ",29,4.4
09-10,195109,"HQ-MILD MOD MENTAL IMP, TEACHING ARTS             ",7,1.99
09-10,195110,"HQ-MOD SEV MENTAL IMP, TEACH ENGLISH              ",50,16
09-10,195111,"HQ-MOD SEV MENTAL IMP, READING OR LANG            ",224,70.61
09-10,195112,"HQ-MOD SEV MENTAL IMP, TEACHING MATH              ",222,59.5
09-10,195113,"HQ-MOD SEV MENTAL IMP, TEACHING SCIENCE           ",15,2.88
09-10,195115,"HQ-MOD SEV MENTAL IMP, TEACH CIVIC & GOV          ",7,1.72
09-10,195116,"HQ-MOD SEV MENTAL IMP, TEACH ECONOMICS            ",2,1.2
09-10,195117,"HQ-MOD SEV MENTAL IMP, TEACH GEOGRAPHY            ",2,0.3
09-10,195118,"HQ-MOD SEV MENTAL IMP, TEACH HISTORY              ",12,2.53
09-10,195119,"HQ-MOD SEV MENTAL IMP, TEACHING ARTS              ",3,0.7
09-10,196000,"NOT HQ-EBD, TEACHING ENGLISH                      ",19,5.28
09-10,196001,"NOT HQ-EBD,TEACHING READING OR LANG ARTS          ",55,21.94
09-10,196002,"NOT HQ-EBD, TEACHING MATHEMATICS                  ",62,20.19
09-10,196003,"NOT HQ-EBD, TEACHING SCIENCE                      ",28,7.34
09-10,196004,"NOT HQ-EBD, TEACHING FOREIGN LANGUAGES            ",1,0.17
09-10,196005,"NOT HQ-EBD, TEACHING CIVIC & GOVERNMENT           ",8,2.23
09-10,196006,"NOT HQ-EBD, TEACHING ECONOMICS                    ",1,0.5
09-10,196007,"NOT HQ-EBD, TEACHING GEOGRAPHY                    ",2,0.3
09-10,196008,"NOT HQ-EBD, TEACHING HISTORY                      ",19,4.94
09-10,196009,"NOT HQ-EBD, TEACHING ARTS (VISUAL OR MUS          ",1,0.2
09-10,196010,"NOT HQ-LD, TEACHING ENGLISH                       ",9,2.08
09-10,196011,"NOT HQ-LD,TEACHING READING/LANGUAGE ARTS          ",35,14.33
09-10,196012,"NOT HQ-LD, TEACHING MATHEMATICS                   ",35,11.77
09-10,196013,"NOT HQ-LD, TEACHING SCIENCE                       ",8,1.33
09-10,196015,"NOT HQ-LD, TEACHING CIVIC & GOVERNMENT            ",3,0.47
09-10,196018,"NOT HQ-LD, TEACHING HISTORY                       ",5,1.35
09-10,196020,"NOT HQ-AUTISM SPEC DIS, TEACHING ENGLISH          ",6,1.8
09-10,196021,"NOT HQ-AUTISM SPEC DIS,TEACH READ OR LAN          ",20,7.17
09-10,196022,"NOT HQ-AUTISM SPEC DIS, TEACH MATHEMATIC          ",24,7.04
09-10,196023,"NOT HQ-AUTISM SPEC DIS, TEACHING SCIENCE          ",9,1.3
09-10,196024,"NOT HQ-AUTISM SPEC DIS, TEACH FOREIGN LA          ",1,0.17
09-10,196025,"NOT HQ-AUTISM SPEC DIS, TEACH CIVIC & GO          ",1,0.2
09-10,196028,"NOT HQ-AUTISM SPEC DIS, TEACHING HISTORY          ",3,0.64
09-10,196040,"NOT HQ-OTHER HEALTH DIS, TEACH ENGLISH            ",6,2.61
09-10,196041,"NOT HQ-OTH HEALTH DIS,TEACH READ OR LANG          ",17,3.66
09-10,196042,"NOT HQ-OTHER HEALTH DIS, TEACHING MATH            ",17,3.25
09-10,196043,"NOT HQ-OTHER HEALTH DIS, TEACH SCIENCE            ",3,0.67
09-10,196044,"NOT HQ-OTH HEALTH DIS, TEACH FOREIGN LAN          ",1,0.17
09-10,196045,"NOT HQ-OTHER HEALTH DIS,TEACH CIVIC &GOV          ",1,0.09
09-10,196047,"NOT HQ-OTHER HEALTH DIS, TEACH GEOGRAPHY          ",1,0.12
09-10,196048,"NOT HQ-OTHER HEALTH DIS, TEACH HISTORY            ",2,0.12
09-10,196071,"NOT HQ-DEAF HARD HEAR, TEACH READ/LANG            ",1,1
09-10,196075,"NOT HQ-DEAF HARD HEAR,TEACH CIVIC & GOV           ",1,1
09-10,196081,"NOT HQ-BLIND VIS IMP, TEACH READ OR LANG          ",1,1
09-10,196090,"NOT HQ-TRAUM BRAIN INJ, TEACHING ENGLISH          ",1,0.2
09-10,196091,NOT HQ-TRAUM BRAIN INJ-TEACH READ OR LAN          ,1,0.03
09-10,196092,"NOT HQ-TRAUM BRAIN INJ, TEACH MATHEMATIC          ",2,0.27
09-10,196100,"NOT HQ-MILD MOD MENTAL IMP,TEACH ENGLISH          ",3,0.14
09-10,196101,"NOT HQ-MILD MOD MENTAL IMP, READ OR LANG          ",21,5.21
09-10,196102,"NOT HQ-MILD MOD MENTAL IMP, TEACH MATH            ",16,3.89
09-10,196103,"NOT HQ-MILD MOD MENTAL IMP, SCIENCE               ",5,0.55
09-10,196105,"NOT HQ-MILD MOD MENTAL IMP, CIVIC & GOV           ",1,0.17
09-10,196108,"NOT HQ-MILD MOD MENTAL IMP, HISTORY               ",2,0.08
09-10,196109,"NOT HQ-MILD MOD MENTAL IMP, TEACH ARTS            ",1,0.17
09-10,196110,"NOT HQ-MOD SEV MENTAL IMP, TEACH ENGLISH          ",1,0.17
09-10,196111,"NOT HQ-MOD SEV MENTAL IMP, READ OR LANG           ",5,1.32
09-10,196112,"NOT HQ-MOD SEV MENTAL IMP, TEACHING MATH          ",6,1.95
09-10,196113,"NOT HQ-MOD SEV MENTAL IMP, TEACH SCIENCE          ",1,0.24
09-10,196115,"NOT HQ-MOD SEV MENTAL IMP, CIVIC & GOV            ",1,0.28
09-10,199801,SPECIF DISABILITY--MILD TO MODERATE               ,855,564.9
09-10,199802,"SPECIFIC DISABILITY, MOD-SEVERE MENTAL            ",579,423.53
09-10,200100,INTRODUCTION TO AGRICULTURE                       ,66,19.37
09-10,200300,HORTICULTURE/ANIMAL OR CROP PRODUCTION            ,33,11.15
09-10,200501,AGRICULTURAL MANAGEMENT                           ,20,6.02
09-10,200505,NATURAL RESOURCES MANAGEMENT                      ,31,10.45
09-10,300100,ELEM KEYBOARDING/BASIC COMPUTER                   ,159,80.26
09-10,301100,KEYBOARDING/BASIC COMPUTER OPERATIONS             ,306,125.8
09-10,301200,GENERAL BUSINESS COMPUTER APPLICATIONS            ,198,72.27
09-10,301300,COMPUTER PROGRAMMING                              ,43,13.54
09-10,301400,COMPUTER HARDWARE TECHNOLOGY                      ,18,4.4
09-10,301500,NETWORK TECHNOLOGY                                ,13,5.92
09-10,301600,COMPUTER COMMUNICATIONS & THE INTERNET            ,53,19.67
09-10,301700,WEB PAGE DESIGN                                   ,97,26.25
09-10,301800,CAD (COMPUTER ASSISTED DESIGN)DRAFTING            ,48,14.19
09-10,890099,TEACHER ON SPECIAL ASSIGN-INSTRUCTIONAL           ,34,17.3
09-10,890100,ADULT BASIC ED                                    ,341,217.05
09-10,890200,GIFTED ED TEACHER                                 ,321,228.26
09-10,890300,HOMEBOUND TEACHER                                 ,21,11.42
09-10,890413,NON CORE EXPERIMENTAL PROGRAM TEACHER             ,91,27.88
09-10,890500,HUMANITIES                                        ,63,33.3
09-10,890600,HOMEROOM/ADVISORY                                 ,2150,327.57
09-10,890700,GRAD STANDARDS INSTRUCTOR                         ,23,8.68
09-10,890800,TUTOR                                             ,140,84.13
09-10,891000,"HQ-EXP PROG, ENGLISH                              ",73,16.66
09-10,891001,"HQ-EXP PROG, READING/LANGUAGE ARTS                ",88,22.64
09-10,891002,"HQ-EXP PROG, MATHEMATICS                          ",117,35.39
09-10,891003,"HQ-EXP PROG, SCIENCE                              ",108,32.43
09-10,891004,"HQ-EXP PROG, FOREIGN LANGUAGE                     ",1,0.2
09-10,891005,"HQ-EXP PROG, CIVICS & GOVERNMENT                  ",48,7.95
09-10,891006,"HQ-EXP PROG, ECONOMICS                            ",22,2.26
09-10,891007,"HQ-EXP PROG, GEORAPHY                             ",38,4.86
09-10,891008,"HQ-EXP PROG, TEACHING HISTORY                     ",68,11.44
09-10,891009,"HQ-EXP PROG, ARTS (VISUAL/MUSIC)                  ",33,4.21
09-10,892000,"NOT HQ-EXP PROG, ENGLISH                          ",30,6.38
09-10,892001,"NOT HQ-EXP PROG, READING/LANGUAGE ARTS            ",35,7.08
09-10,892002,"NOT HQ-EXP PROG, MATHEMATICS                      ",49,11.76
09-10,892003,"NOT HQ-EXP PROG, SCIENCE                          ",40,7.25
09-10,892004,"NOT HQ-EXP PROG, FOREIGN LANGUAGE                 ",2,0.88
09-10,892005,"NOT HQ-EXP PROG, CIVICS & GOVERNMENT              ",26,3.39
09-10,892006,"NOT HQ-EXP PROG, ECONOMICS                        ",15,1.26
09-10,892007,"NOT HQ-EXP PROG, GEOGRAPHY                        ",21,2.22
09-10,892008,"NOT HQ-EXP PROG, HISTORY                          ",30,4.85
09-10,892009,"NOT HQ-EXP PROG, ARTS (VISUAL/MUSIC)              ",13,1.33
09-10,899999,RESERVE TEACHER                                   ,78,51.08
09-10,900088,AREA LEARNING CENTER ADMINISTRATOR                ,44,34.56
09-10,900099,ADMINISTRATOR ON SPECIAL ASSIGNMENT               ,41,35.48
09-10,906030,"SUPERVISOR, ENGLISH AS A SECOND LANGUAGE          ",2,1.17
09-10,917000,SUPERVISOR OF SPECIAL EDUCATION                   ,52,49.32
09-10,917030,SUPV OF PHYSICALLY HANDICAPPED                    ,1,0.1
09-10,917040,SUPERVISOR OF EARLY ED/SPECIAL ED                 ,7,4.74
09-10,917050,SUPV OF HEARING IMPAIRED                          ,1,0.07
09-10,917080,SUPV OF SPEECH CORRECTION                         ,1,0.33
09-10,918000,SUPERVISOR OF EBD                                 ,2,1.9
09-10,919000,SUPERVISOR OF LD                                  ,2,1.2
09-10,920001,SUPERINTENDENT                                    ,327,294.73
09-10,920002,ASSISTANT SUPERINTENDENT                          ,38,36.35
09-10,931001,"PRINCIPAL, ELEMENTARY                             ",727,679.75
09-10,931002,"ASSISTANT PRINCIPAL, ELEMENTARY                   ",86,79.35
09-10,932001,"PRINCIPAL, SECONDARY                              ",388,353.41
09-10,932002,"ASSISTANT PRINCIPAL, SECONDARY                    ",307,295.58
09-10,933000,"PRINCIPAL, K-12 BUILDING                          ",96,86.68
09-10,933001,"PRINCIPAL, MIDDLE SCHOOL                          ",175,164.83
09-10,933002,"ASSISTANT PRINCIPAL, MIDDLE SCHOOL                ",129,126.33
09-10,933010,"ASSISTANT PRINCIPAL, K-12 BUILDING                ",14,12.66
09-10,940200,SPEECH LANGUAGE PATHOLOGIST                       ,1781,1630.49
09-10,940300,"GUIDANCE AND COUNSELING, SECONDARY                ",856,798.48
09-10,940301,"GUIDANCE AND COUNSELING, MIDDLE SCHOOL            ",177,158.41
09-10,940302,"GUIDANCE AND COUNSELING, ELEMENTARY               ",158,128.92
09-10,940400,LIBRARIAN                                         ,160,137.04
09-10,940500,SCHOOL PSYCHOLOGIST                               ,703,644
09-10,940700,SCHOOL SOCIAL WORKER                              ,1013,949.25
09-10,940800,SCHOOL NURSE                                      ,544,471.88
09-10,941000,MEDIA GENERALIST                                  ,689,629.85
09-10,950100,"COORDINATOR, ECFE                                 ",142,86.86
09-10,950200,"COORDINATOR, SCHOOL READINESS                     ",71,33.1
09-10,950500,"COORDINATOR, GIFTED EDUCATION                     ",55,37.13
09-10,960200,CURRICULUM DIRECTOR/COORDINATOR                   ,58,50.26
09-10,960300,SPECIAL EDUCATION DIRECTOR                        ,141,128.19
09-10,960301,"ASSISTANT DIRECTOR, SPECIAL EDUCATION             ",39,36.26
09-10,960400,SECONDARY EDUCATION DIRECTOR                      ,9,6.31
09-10,960500,ELEMENTARY EDUCATION DIRECTOR                     ,7,6.2
09-10,960700,COMMUNITY EDUCATION DIRECTOR                      ,171,128.55
09-10,990099,TEACHER ON SP ASSIGN-NON INSTRUCTIONAL            ,752,548.98
09-10,990100,DEPARTMENT CHAIR (ACADEMIC SUBJECT AREA)          ,98,81.37
09-10,990110,PROGRAM/Q COMP COORDINATOR                        ,153,116.27
09-10,990150,TEACHER PREP                                      ,600,105.24
09-10,990200,STAFF DEVELOPMENT                                 ,258,189.23
09-10,990250,TEACHER MENTORSHIP/Q COMP MENTOR                  ,321,247.81
09-10,990300,"MONITORING, STUDY HALL/COMP. LAB, ETC             ",1703,301.95
09-10,990350,GRANT COORDINATOR                                 ,28,19.06
09-10,990400,CURRICULUM DEVELOPMENT/GRAD STANDARDS             ,253,188.99
09-10,990500,"PROGRAM COORDINATOR, SP ED                        ",415,349.05
09-10,990900,DEAN OF STUDENTS                                  ,214,179.35
09-10,Grand Total    ,Totals Statewide                                  ,66148,63395.75
