Year,Assignment Code,Assignment Description,Head Count,FTE
11-12,110,"DIRECTOR, SECONDARY LOCAL VOC PROGRAM             ",3,3
11-12,115,"DIRECTOR, SECONDARY VOCATIONAL CENTER             ",2,1.5
11-12,670,SUPPORT SERVICE FACILITATOR                       ,3,2.4
11-12,690,CAREER ACCOMMODATION SPECIALIST                   ,3,2.07
11-12,710,VOCATIONAL EVALUATOR                              ,4,3.7
11-12,745,TEACHER-COORD WORK EXP DISADVANTAGED              ,70,47.57
11-12,750,TEACHER-COORD WORK EXP/HANDICAPPED                ,166,131.74
11-12,755,TCH-COORD WORK EXP/CAREER EXPLOR(WECEP)           ,23,12.81
11-12,790,VOC SUPPL SUPPORT/TECHNICAL TUTOR                 ,11,7.11
11-12,1050,EMPLOYMENT PLACEMENT SPECIALIST                   ,3,2.28
11-12,9095,TEACHER-COORD DIVERSIFIED OCC CO-OP PROG          ,7,2.4
11-12,10001,AGRICULTURE EXPLORATION/INTRO TO AG               ,81,26.33
11-12,10300,AGRICULTURE MECHANICS TECHNOLOGY                  ,76,24.6
11-12,10400,AGRICULTURE BUSINESS MANAGEMENT                   ,16,2.83
11-12,10500,HORTICULTURE LANDSCAPING MANAGEMENT               ,23,6.38
11-12,10700,FORESTRY & NATURAL RESOURCES MANAGEMENT           ,25,6.75
11-12,19090,TEACHER-COORD OF AG CO-OP PROG/NON-FARM           ,36,9.56
11-12,19901,AGRICULTURE/COMBINED PROGRAM                      ,92,46.85
11-12,19910,ANIMAL SCIENCE AND TECHNOLOGY                     ,55,15.7
11-12,20102,ART-HISTORY AND APPRECIATION                      ,125,56.11
11-12,20207,MEDIA ARTS/PHOTOGRAPHY                            ,146,56.37
11-12,20300,ELEMENTARY ART                                    ,581,410.04
11-12,20400,MIDDLE/JUNIOR HIGH VISUAL ARTS                    ,408,226.05
11-12,20501,FOUNDATIONS OF STUDIO ART                         ,264,121.96
11-12,20502,SINGLE OR MIXED MEDIA STUDIO ART                  ,468,260.73
11-12,20601,COMMERCIAL ART/GRAPHIC DESIGN                     ,92,27.6
11-12,21337,DRAMATIC LITERATURE (PERFORMING ARTS)             ,5,2.57
11-12,21509,TV/FILM PRODUCTION                                ,18,8.12
11-12,21603,THEATRE ARTS                                      ,63,32.51
11-12,21610,DANCE                                             ,47,27.65
11-12,22300,CLASSROOM/GENERAL MUSIC                           ,1098,733.09
11-12,22401,VOCAL MUSIC                                       ,732,542.05
11-12,22501,BAND                                              ,803,616.36
11-12,22502,ORCHESTRA                                         ,196,136.47
11-12,40800,MARKETING OCCUPATIONS                             ,20,14.89
11-12,49090,TEACHER-COORD MARKETING OCC CO-OP PROG            ,15,5
11-12,49956,PERFORMING ARTS OCCUPATIONS                       ,1,0.96
11-12,50100,COMPREHENSIVE LANGUAGE ARTS                       ,3059,2240.26
11-12,50194,ELEMENTARY READING                                ,1504,944.89
11-12,50199,SECONDARY READING                                 ,372,255.01
11-12,50300,LITERATURE                                        ,767,363.92
11-12,50337,DRAMATIC LITERATURE (COMMUNICATION ARTS)          ,83,26.68
11-12,50372,MASS MEDIA COMMUNICATIONS                         ,86,28.25
11-12,50380,ADVANCED PLACEMENT ENGLISH                        ,392,147.01
11-12,50390,INTERNATIONAL BACCALAUREATE ENGLISH               ,77,35.99
11-12,50400,COMPOSITION                                       ,366,140.62
11-12,50402,CREATIVE WRITING                                  ,178,53.12
11-12,50403,JOURNALISM                                        ,148,38.63
11-12,50405,TECHNICAL WRITING                                 ,78,23.8
11-12,50501,PUBLIC SPEAKING                                   ,110,40.26
11-12,50503,ORAL INTERPRETATION (COMMUNICATION ARTS)          ,12,4.67
11-12,50507,FILM STUDIES                                      ,58,18.8
11-12,50508,ORAL COMMUNICATION/DISCUSSION                     ,24,8.68
11-12,50509,FILM/RADIO/TV BROADCASTING                        ,14,4.58
11-12,60105,LATIN                                             ,22,17.1
11-12,60201,AMERICAN SIGN LANGUAGE                            ,37,31.32
11-12,60202,ARABIC                                            ,10,7.08
11-12,60203,CHINESE                                           ,58,44.18
11-12,60206,ENGLISH AS SECOND LANGUAGE                        ,1025,867.15
11-12,60208,FRENCH                                            ,197,139.98
11-12,60209,GERMAN                                            ,140,97.06
11-12,60212,HEBREW                                            ,1,0.6
11-12,60214,JAPANESE                                          ,16,11.09
11-12,60218,RUSSIAN                                           ,2,0.65
11-12,60219,SPANISH                                           ,988,819.33
11-12,60221,OJIBWE                                            ,13,9.81
11-12,60258,FRENCH - ADVANCED PLACEMENT                       ,32,10.01
11-12,60259,GERMAN - ADVANCED PLACEMENT                       ,21,4.9
11-12,60359,SPANISH - ADVANCED PLACEMENT                      ,102,40.11
11-12,60401,EXPLORATORY LANGUAGE/CULTURE PROGRAM              ,54,21.28
11-12,61000,"HQ-ESL, TEACHING ENGLISH                          ",301,214.76
11-12,61001,"HQ-ESL, TEACHING READING OR LANGUAGE ART          ",212,155.88
11-12,61002,"HQ-ESL, TEACHING MATHEMATICS                      ",30,10.75
11-12,61003,"HQ-ESL, TEACHING SCIENCE                          ",10,3.71
11-12,61005,"HQ-ESL, TEACHING CIVIC & GOVERNMENT               ",9,3.03
11-12,61007,"HQ-ESL, TEACHING GEOGRAPHY                        ",3,0.7
11-12,61008,"HQ-ESL, TEACHING HISTORY                          ",20,5.2
11-12,62000,"NOT HQ-ESL, TEACHING ENGLISH                      ",13,5.74
11-12,62001,"NOT HQ-ESL, TEACHING READING OR LANGUAGE          ",12,8.62
11-12,62002,"NOT HQ-ESL, TEACHING MATHEMATICS                  ",1,0.07
11-12,62003,"NOT HQ-ESL, TEACHING SCIENCE                      ",3,0.4
11-12,62008,"NOT HQ-ESL, TEACHING HISTORY                      ",6,1.9
11-12,69991,OTHER LANGUAGES NOT LISTED                        ,13,12.61
11-12,70002,PUBLIC AFFAIRS/COMMUNITY SERVICE OCCUP            ,1,1
11-12,70101,DENTAL ASSISTING                                  ,1,1
11-12,70208,ALLIED HEALTH                                     ,2,0.52
11-12,70300,HEALTH SCIENCES & TECHNOLOGY EDUCATION            ,27,21.46
11-12,70303,NURSING SERVICES                                  ,3,1.19
11-12,70907,EMERGENCY MEDICAL TECHNICIAN                      ,4,4.01
11-12,72100,MEDICAL CAREERS                                   ,14,8.16
11-12,79090,TEACHER-COORD HEALTH OCCUP CO-OP PROG             ,2,0.77
11-12,80100,HEALTH EDUCATION/PERSONAL WELLNESS                ,719,389.33
11-12,80106,"SAFETY, FIRST AID &/OR FIRST RESPONDER            ",23,5.42
11-12,80300,GENERAL PHYSICAL EDUCATION                        ,2460,1852.69
11-12,80302,SWIMMING                                          ,18,8.45
11-12,80306,"INDIVIDUAL, DUAL & TEAM SPORTS                    ",232,89.75
11-12,80310,PHYSICAL CONDITIONING/FITNESS                     ,338,129.44
11-12,80700,DRIVER & TRAFFIC SAFETY CLASSROOM                 ,49,19.37
11-12,80710,DRIVER & TRAFFIC SAFETY BEHIND-THE-WHEEL          ,5,1.26
11-12,90100,GENERAL FAMILY & CONSUMER SCIENCE                 ,289,171.48
11-12,90101,VOC-CONSUMER HOMEMAKING OCCUPATIONS               ,70,36.71
11-12,90102,CHILD DEVELOPMENT/PARENTING                       ,133,41.25
11-12,90103,CLOTHING & TEXTILES                               ,63,19.49
11-12,90104,PERSONAL FINANCE                                  ,41,13.59
11-12,90106,FAMILY LIVING                                     ,75,26.44
11-12,90107,FOODS & NUTRITION                                 ,266,121.65
11-12,90109,HOUSING & HOME FURNISHINGS                        ,41,9.48
11-12,90112,VOC-CONSUMER HOMEMAKING OCC/OPTION 4              ,13,5.23
11-12,90121,VOC-INDIVIDUAL/FAMILY LIFE & PARENTING            ,25,8.87
11-12,90200,EARLY CHILDHOOD CAREERS                           ,1,1
11-12,90201,VOC-CHILD CARE/GUIDANCE & ED OCCUPATION           ,4,3.08
11-12,91100,BUILDING CARE/MAINTENANCE OCCUPATIONS             ,1,1
11-12,92602,COSMETOLOGY OCCUPATIONS                           ,8,8
11-12,92900,HOSPITALITY SERVICES CAREERS                      ,2,1.4
11-12,92902,FOODS OCCUPATIONS                                 ,11,9.27
11-12,99090,TEACHER-COORD SERVICE OCCUP CO-OP PROG            ,6,2.31
11-12,100100,BASIC BUILDING CONSTRUCTION PROCESSES             ,96,35.04
11-12,100400,ELECTRICITY                                       ,16,4.46
11-12,100403,ELECTRONICS                                       ,32,9.68
11-12,100500,ELEMENTARY INDUST/TECHNOLOGY ED                   ,27,9.56
11-12,100600,GENERAL INDUST/TECHNOLOGY ED                      ,403,228.97
11-12,100690,PRINCIPALS OF TECHNOLOGY OR TECH SYSTEMS          ,40,12.55
11-12,100800,HOME & BUILDING MAINTENANCE                       ,25,6.6
11-12,101300,MFG. & METALWORK TECHS./SYSTEMS                   ,138,42.09
11-12,101600,"ENERGY, POWER & TRANSPORT. TECH/SYSTEMS           ",131,44.77
11-12,101701,TECHNICAL DRAWING/DRAFTING                        ,88,27.46
11-12,101901,WOODWORKING TECHNOLOGY                            ,216,84.81
11-12,102100,COMMUNICATION TECHNOLOGY                          ,57,22.02
11-12,102500,MEDIA PRODUCTION                                  ,71,27
11-12,110100,ELEMENTARY MATH                                   ,945,484.12
11-12,110200,7TH GRADE MATH                                    ,599,304.21
11-12,110210,8TH GRADE MATH                                    ,420,208.55
11-12,110301,ALGEBRA/INTEGRATED MATH I                         ,1418,660.08
11-12,110502,GENERAL OR CONSUMER MATH                          ,178,65.98
11-12,110505,BASIC MATHEMATICS                                 ,432,190.88
11-12,110600,CALCULUS                                          ,148,38.3
11-12,110601,PRE-CALCULUS/INTEGRATED MATH IV                   ,415,161.22
11-12,110610,AP/IB CALCULUS                                    ,194,71.36
11-12,111101,PRE-ALGEBRA                                       ,453,202.46
11-12,111102,BILINGUAL MATH                                    ,1,0.2
11-12,111200,GEOMETRY/INTEGRATED MATH II                       ,1054,473.35
11-12,111300,ADVANCED ALGEBRA/INTEGRATED MATH III              ,909,395.47
11-12,111500,PROBABILITY & STATISTICS/DISCRETE MATH            ,254,95.93
11-12,119991,OTHER MATH CLASSES                                ,327,118.29
11-12,130010,ELEMENTARY SCIENCE                                ,389,254.14
11-12,130100,INTEGRATED SCIENCE                                ,100,65.05
11-12,130210,LIFE SCIENCE                                      ,902,586.67
11-12,130215,SECOND LEVEL BIOLOGY                              ,126,41.92
11-12,130216,GENERAL BIOLOGY                                   ,742,390.47
11-12,130290,BIOLOGY - AP/IB                                   ,156,55.3
11-12,130295,BIOLOGY SPECIAL TOPICS                            ,283,111.72
11-12,130310,PHYSICAL SCIENCE                                  ,728,391.21
11-12,130333,GENERAL CHEMISTRY                                 ,576,310.82
11-12,130351,GENERAL PHYSICS                                   ,360,143.72
11-12,130352,ADVANCED PHYSICS                                  ,61,23.63
11-12,130355,ASTRONOMY                                         ,41,12.49
11-12,130359,PHYSICS - AP/IB                                   ,70,25.07
11-12,130390,CHEMISTRY - AP/IB                                 ,114,41.1
11-12,130395,CHEMISTRY SPECIAL TOPICS                          ,52,18.63
11-12,130412,EARTH SCIENCE                                     ,600,367.75
11-12,130413,AERONAUTICS/AVIATION                              ,9,5.32
11-12,130502,ENVIRONMENTAL SCIENCE                             ,297,102.5
11-12,140100,ACCOUNTING (VOC)                                  ,31,9.29
11-12,140102,ACCOUNTING/BOOKKEEPING                            ,182,47.81
11-12,140120,BANKING AND FINANCE                               ,3,0.54
11-12,140200,DATA PROCESSING                                   ,4,1.95
11-12,140301,OFFICE PROCEDURES                                 ,15,5.59
11-12,140310,BUSINESS COMMUNICATIONS                           ,41,11.61
11-12,140320,SALES/MARKETING                                   ,90,29.33
11-12,140330,BUSINESS ORGANIZATION/MANAGEMENT                  ,77,25.93
11-12,140500,BUSINESS SIMULATION OCCUPATIONS                   ,14,4.48
11-12,140710,ADMINISTRATIVE SUPPORT OCCUPATIONS                ,54,23.8
11-12,149090,TEACHER-COORD BUSINESS OCC CO-OP PROG             ,25,9.37
11-12,149918,PERSONAL & BUSINESS LAW                           ,47,9.54
11-12,149922,FINANCIAL MANAGEMENT                              ,99,30.13
11-12,149982,BUSINESS MATH                                     ,8,2.2
11-12,149991,OTHER BUSINESS CLASSES                            ,100,39.03
11-12,150100,ELEMENTARY SOCIAL STUDIES                         ,368,193.7
11-12,150102,ANTHROPOLOGY/ARCHEOLOGY                           ,20,6.95
11-12,150110,"AMER. INDIAN HISTORY, LANG. & CULTURE             ",57,35.07
11-12,150600,ECONOMICS                                         ,409,164.38
11-12,150700,GEOGRAPHY                                         ,896,480.33
11-12,150800,HISTORY                                           ,1839,1126.64
11-12,151000,"POLITICAL SCIENCE (CIVICS, AMER. GOVT.)           ",759,348.92
11-12,151090,AP/IB SOCIAL STUDIES                              ,381,159.98
11-12,151103,PSYCHOLOGY                                        ,256,86.57
11-12,151200,SOCIOLOGY                                         ,184,58.87
11-12,151300,PHILOSOPHY                                        ,12,2.8
11-12,159991,INTEGRATED SOCIAL STUDIES                         ,444,279.29
11-12,160000,TECHER/COORD. WORK BASED LEARNING                 ,89,50.84
11-12,160100,SELF-MANAGEMENT/LIFE SKILLS                       ,70,26.26
11-12,160200,CAREER EXPLORATION                                ,176,58.31
11-12,160300,STUDY SKILLS                                      ,210,80.22
11-12,170300,TRANSPORTATION CAREERS                            ,6,3.2
11-12,170301,AUTO BODY REPAIR OCCUPATIONS                      ,5,4.2
11-12,170302,AUTO MECHANICS                                    ,39,27.47
11-12,170303,VEHICLE SERVICES OCCUPATIONS                      ,11,5.19
11-12,170321,METAL FABRICATION OCCUPATIONS                     ,2,0.58
11-12,170322,AUTO/TRUCK SERVICE AND REPAIR                     ,1,1
11-12,170400,AVIATION OCCUPATIONS                              ,2,1.8
11-12,170900,COMMERCIAL PHOTOGRAPHY                            ,4,1.77
11-12,171000,CONSTRUCTION OCCUPATIONS                          ,37,19.81
11-12,171016,CONSTRUCTION OCCUP/FINISHING TRADES               ,14,6.08
11-12,171020,CONSTRUCTION OCCUP/PLANNING & MANAGEMENT          ,4,0.9
11-12,171100,CONSTRUCTION CAREERS                              ,11,5.58
11-12,171200,TRUCK/DIESEL MECHANICS                            ,1,1
11-12,171300,DRAFTING OCCUPATIONS                              ,3,1.16
11-12,171310,ELECTROMECHANICAL TECHNOLOGY OCCUPATIONS          ,1,0.6
11-12,171500,ELECTRONICS OCCUPATIONS                           ,5,3.32
11-12,171502,COMMUNICATIONS TECHNOLOGY OCCUPATIONS             ,29,16.32
11-12,171508,MEDIA PRODUCTION                                  ,6,2.49
11-12,171510,BROADCAST/MEDIA OCCUPATIONS                       ,5,3.04
11-12,171515,COMMUNICATIONS MEDIA OCCUP                        ,4,2.16
11-12,171600,COMMUNICATION TECH. CAREERS                       ,6,3.55
11-12,171700,MANUFACTURING CAREERS                             ,3,1.8
11-12,171710,MANUFACTURING TECHNOLOGY                          ,4,1.2
11-12,171720,PRINCIPLES OF TECHNOLOGY                          ,1,0.25
11-12,171730,MECHANICAL TECHNOLOGY OCCUPATIONS                 ,1,0.2
11-12,171900,GRAPHIC ARTS                                      ,10,6.42
11-12,172300,METAL/MATERIAL PROCESSING OCCUPATIONS             ,4,2.1
11-12,172302,MACHINE SHOP OPERATIONS                           ,4,1.4
11-12,172306,WELDING OCCUPATIONS                               ,6,4.21
11-12,172350,METALS FABRICATION                                ,3,1.67
11-12,173100,SMALL ENGINE MECHANICS                            ,10,3.13
11-12,173601,CABINET MAKING                                    ,6,1.79
11-12,179090,TEACHER-COORD TRADE & INDUST CO-OP PROG           ,5,2.4
11-12,180100,GENERAL ELEMENTARY EDUCATION                      ,14918,14424.04
11-12,180101,KINDERGARTEN                                      ,2865,2641.22
11-12,180102,PREKINDERGARTEN                                   ,266,189.41
11-12,180160,BILINGUAL ELEMENTARY EDUCATION                    ,9,7.79
11-12,180401,ECFE PARENT EDUCATOR                              ,349,167.81
11-12,180403,ECFE CHILD EDUCATOR                               ,582,297.5
11-12,180750,SCHOOL READINESS                                  ,165,86.99
11-12,190200,"SPECIFIC DISABILITY, EMOTIONAL/BEHAVIOR           ",2134,1474.88
11-12,190201,SPECIFIC LEARNING DISABILITIES                    ,2376,1663.19
11-12,190202,"SPECIFIC DISABILITY, AUTISM DISORDER              ",720,383.35
11-12,190300,"SPECIFIC DISABILITY, PHYSICAL DISABILITY          ",75,56.55
11-12,190301,DISABILITY SPECIFIC - OTHER HEALTH DISAB          ,521,168.41
11-12,190302,DEVELOPMENTAL ADAPTED PHY ED                      ,660,341.19
11-12,190480,"SPECIFIC DISABILITY, ORAL/AURAL DEAF ED           ",26,19.84
11-12,190490,DEAF/BLIND                                        ,19,12.28
11-12,190497,"SPECIFIC DISABILITY, DEAF/HARD OF HEARIN          ",188,139.69
11-12,190498,"SPECIFIC DISABILITY, BLIND/VISUALLY IMP           ",85,69.07
11-12,190500,EARLY CHILDHOOD SPECIAL EDUCATION                 ,1185,1093.11
11-12,190700,"SPECIFIC DISABILITY, TRAUMATIC BRAIN INJ          ",25,3.51
11-12,195000,"HQ-EBD, TEACHING ENGLISH                          ",306,109.97
11-12,195001,"HQ-EBD, TEACHING READING OR LANGUAGE ART          ",709,258.91
11-12,195002,"HQ-EBD, TEACHING MATHEMATICS                      ",762,235.16
11-12,195003,"HQ-EBD, TEACHING SCIENCE                          ",276,72.01
11-12,195005,"HQ-EBD, TEACHING CIVIC & GOVERNMENT               ",77,23.49
11-12,195006,"HQ-EBD, TEACHING ECONOMICS                        ",14,3.69
11-12,195007,"HQ-EBD, TEACHING GEOGRAPHY                        ",50,9.87
11-12,195008,"HQ-EBD, TEACHING HISTORY                          ",212,54.12
11-12,195009,"HQ-EBD, TEACHING ARTS (VISUAL OR MUSIC)           ",12,5.7
11-12,195010,"HQ-LD, TEACHING ENGLISH                           ",333,122.58
11-12,195011,"HQ-LD, TEACHING READING OR LANGUAGE ARTS          ",1082,461.22
11-12,195012,"HQ-LD, TEACHING MATHEMATICS                       ",1011,341.02
11-12,195013,"HQ-LD, TEACHING SCIENCE                           ",83,20.19
11-12,195015,"HQ-LD, TEACHING CIVIC & GOVERNMENT                ",19,5.53
11-12,195016,"HQ-LD, TEACHING ECONOMICS                         ",9,2.56
11-12,195017,"HQ-LD, TEACHING GEOGRAPHY                         ",12,1.69
11-12,195018,"HQ-LD, TEACHING HISTORY                           ",63,15.05
11-12,195019,"HQ-LD, TEACHING ARTS (VISUAL OR MUSIC)            ",4,0.8
11-12,195020,"HQ-AUTISM SPEC DIS, TEACHING ENGLISH              ",64,30.52
11-12,195021,"HQ-AUTISM SPEC DIS, TEACH READ OR LANG            ",255,72.67
11-12,195022,"HQ-AUTISM SPEC DIS, TEACHING MATHEMATICS          ",233,56.67
11-12,195023,"HQ-AUTISM SPEC DIS, TEACHING SCIENCE              ",39,6.26
11-12,195024,"HQ-AUTISM SPEC DIS, TEACHING FOREIGN LAN          ",2,0.47
11-12,195025,"HQ-AUTISM SPEC DIS, TEACH CIVIC & GOV             ",8,1.67
11-12,195027,"HQ-AUTISM SPEC DIS, TEACHING GEOGRAPHY            ",9,1.16
11-12,195028,"HQ-AUTISM SPEC DIS, TEACHING HISTORY              ",21,3.11
11-12,195029,"HQ-AUTISM SPEC DIS, TEACHING ARTS                 ",5,0.58
11-12,195031,"HQ-PHYSICAL DIS, TEACH READ OR LANG ARTS          ",2,1.75
11-12,195032,"HQ-PHYSICAL DIS, TEACHING MATHEMATICS             ",3,0.92
11-12,195040,"HQ-OTHER HEALTH DIS, TEACHING ENGLISH             ",69,14.02
11-12,195041,"HQ-OTHER HEALTH DIS, TEACH READ OR LANG           ",247,51.12
11-12,195042,"HQ-OTHER HEALTH DIS, TEACHING MATHEMATIC          ",202,34.88
11-12,195043,"HQ-OTHER HEALTH DIS, TEACHING SCIENCE             ",20,3.65
11-12,195045,"HQ-OTHER HEALTH DIS, TEACH CIVIC & GOV            ",4,0.57
11-12,195046,"HQ-OTHER HEALTH DIS, TEACHING ECONOMICS           ",3,0.24
11-12,195047,"HQ-OTHER HEALTH DIS, TEACHING GEOGRAPHY           ",4,0.72
11-12,195048,"HQ-OTHER HEALTH DIS, TEACHING HISTORY             ",14,2.25
11-12,195049,"HQ-OTHER HEALTH DIS, TEACHING ARTS                ",1,1
11-12,195050,"HQ-ORAL/AURAL DEAF ED, TEACHING ENGLISH           ",2,0.33
11-12,195051,"HQ-ORAL/AURAL DEAF, TEACH READ OR LANG            ",5,1.65
11-12,195052,"HQ-ORAL/AURAL DEAF ED, TEACH MATHEMATICS          ",3,0.55
11-12,195053,"HQ-ORAL/AURAL DEAF ED, TEACHING SCIENCE           ",2,1.2
11-12,195057,"HQ-ORAL/AURAL DEAF ED, TEACH GEOGRAPHY            ",1,0.2
11-12,195068,"HQ-DEAF/BLIND, TEACHING HISTORY                   ",1,0.2
11-12,195070,"HQ-DEAF HARD HEAR, TEACHING ENGLISH               ",15,6.31
11-12,195071,"HQ-DEAF HARD HEAR, TEACH READING OR LANG          ",62,29.67
11-12,195072,"HQ-DEAF HARD HEAR, TEACHING MATHEMATICS           ",40,12.71
11-12,195073,"HQ-DEAF HARD HEAR, TEACHING SCIENCE               ",14,5.63
11-12,195075,"HQ-DEAF HARD HEAR, TEACHING CIVIC & GOV           ",5,4.5
11-12,195077,"HQ-DEAF HARD HEAR, TEACHING GEOGRAPHY             ",7,1.4
11-12,195078,"HQ-DEAF HARD HEAR, TEACHING HISTORY               ",6,1.44
11-12,195079,"HQ-DEAF HARD HEAR, TEACHING ARTS                  ",1,1
11-12,195080,"HQ BLIND VIS IMP, TEACHING ENGLISH                ",8,1.6
11-12,195081,"HQ-BLIND VIS IMP, TEACH READING OR LANG           ",12,2.9
11-12,195082,"HQ-BLIND VIS IMP, TEACHING MATHEMATICS            ",11,3.53
11-12,195083,"HQ-BLIND VIS IMP, TEACHING SCIENCE                ",8,1.6
11-12,195087,"HQ-BLIND VIS IMP, TEACHING GEOGRAPHY              ",8,1.6
11-12,195090,"HQ-TRAUM BRAIN INJ, TEACHING ENGLISH              ",3,0.26
11-12,195091,"HQ-TRAUM BRAIN INJ, TEACH READ OR LANG            ",5,0.51
11-12,195092,"HQ-TRAUM BRAIN INJ, TEACH MATHEMATICS             ",7,0.46
11-12,195100,"HQ-MILD MOD MENTAL IMP, TEACH ENGLISH             ",124,37.5
11-12,195101,"HQ-MILD MOD MENTAL IMP, READING OR LANG           ",434,157.66
11-12,195102,"HQ-MILD MOD MENTAL IMP, TEACH MATHEMATIC          ",413,112.73
11-12,195103,"HQ-MILD MOD MENTAL IMP, TEACHING SCIENCE          ",50,11.05
11-12,195104,"HQ-MILD MOD MENTAL IMP, FOREIGN LANGUAGE          ",1,0.17
11-12,195105,"HQ-MILD MOD MENTAL IMP, TEACH CIVIC &GOV          ",20,5.5
11-12,195106,"HQ-MILD MOD MENTAL IMP, TEACH ECONOMICS           ",13,4.87
11-12,195107,"HQ-MILD MOD MENTAL IMP, TEACH GEOGRAPHY           ",15,2.85
11-12,195108,"HQ-MILD MOD MENTAL IMP, TEACHING HISTORY          ",32,5.29
11-12,195109,"HQ-MILD MOD MENTAL IMP, TEACHING ARTS             ",6,1.12
11-12,195110,"HQ-MOD SEV MENTAL IMP, TEACH ENGLISH              ",50,14.73
11-12,195111,"HQ-MOD SEV MENTAL IMP, READING OR LANG            ",202,68.81
11-12,195112,"HQ-MOD SEV MENTAL IMP, TEACHING MATH              ",200,57.22
11-12,195113,"HQ-MOD SEV MENTAL IMP, TEACHING SCIENCE           ",20,3.96
11-12,195115,"HQ-MOD SEV MENTAL IMP, TEACH CIVIC & GOV          ",5,0.98
11-12,195116,"HQ-MOD SEV MENTAL IMP, TEACH ECONOMICS            ",3,1.4
11-12,195117,"HQ-MOD SEV MENTAL IMP, TEACH GEOGRAPHY            ",3,0.5
11-12,195118,"HQ-MOD SEV MENTAL IMP, TEACH HISTORY              ",14,2.22
11-12,195119,"HQ-MOD SEV MENTAL IMP, TEACHING ARTS              ",3,0.6
11-12,196000,"NOT HQ-EBD, TEACHING ENGLISH                      ",21,6.48
11-12,196001,"NOT HQ-EBD,TEACHING READING OR LANG ARTS          ",43,14.41
11-12,196002,"NOT HQ-EBD, TEACHING MATHEMATICS                  ",47,13.58
11-12,196003,"NOT HQ-EBD, TEACHING SCIENCE                      ",30,6.97
11-12,196005,"NOT HQ-EBD, TEACHING CIVIC & GOVERNMENT           ",6,1.7
11-12,196006,"NOT HQ-EBD, TEACHING ECONOMICS                    ",2,0.2
11-12,196007,"NOT HQ-EBD, TEACHING GEOGRAPHY                    ",6,1.46
11-12,196008,"NOT HQ-EBD, TEACHING HISTORY                      ",19,2.91
11-12,196010,"NOT HQ-LD, TEACHING ENGLISH                       ",9,2.17
11-12,196011,"NOT HQ-LD,TEACHING READING/LANGUAGE ARTS          ",33,13.55
11-12,196012,"NOT HQ-LD, TEACHING MATHEMATICS                   ",32,8.67
11-12,196013,"NOT HQ-LD, TEACHING SCIENCE                       ",12,2.59
11-12,196015,"NOT HQ-LD, TEACHING CIVIC & GOVERNMENT            ",2,0.23
11-12,196017,"NOT HQ-LD, TEACHING GEOGRAPHY                     ",3,0.58
11-12,196018,"NOT HQ-LD, TEACHING HISTORY                       ",8,2.41
11-12,196020,"NOT HQ-AUTISM SPEC DIS, TEACHING ENGLISH          ",12,1.72
11-12,196021,"NOT HQ-AUTISM SPEC DIS,TEACH READ OR LAN          ",19,4.94
11-12,196022,"NOT HQ-AUTISM SPEC DIS, TEACH MATHEMATIC          ",23,4.69
11-12,196023,"NOT HQ-AUTISM SPEC DIS, TEACHING SCIENCE          ",11,1.78
11-12,196025,"NOT HQ-AUTISM SPEC DIS, TEACH CIVIC & GO          ",1,0.03
11-12,196027,"NOT HQ-AUTISM SPEC DIS, TEACH GEOGRAPHY           ",1,0.16
11-12,196028,"NOT HQ-AUTISM SPEC DIS, TEACHING HISTORY          ",3,0.2
11-12,196040,"NOT HQ-OTHER HEALTH DIS, TEACH ENGLISH            ",8,1.31
11-12,196041,"NOT HQ-OTH HEALTH DIS,TEACH READ OR LANG          ",15,2.88
11-12,196042,"NOT HQ-OTHER HEALTH DIS, TEACHING MATH            ",9,1.55
11-12,196043,"NOT HQ-OTHER HEALTH DIS, TEACH SCIENCE            ",2,0.25
11-12,196047,"NOT HQ-OTHER HEALTH DIS, TEACH GEOGRAPHY          ",1,0.24
11-12,196048,"NOT HQ-OTHER HEALTH DIS, TEACH HISTORY            ",1,0.09
11-12,196049,"NOT HQ-OTHER HEALTH DIS, TEACHING ARTS            ",1,0.03
11-12,196051,"NOT HQ-ORAL/AURAL DEAF,TEACH READ OR LAN          ",1,1
11-12,196070,"NOT HQ-DEAF HARD HEAR, TEACHING ENGLISH           ",1,0.1
11-12,196071,"NOT HQ-DEAF HARD HEAR, TEACH READ/LANG            ",6,1.68
11-12,196072,"NOT HQ-DEAF HARD HEAR, TEACH MATHEMATICS          ",4,1.23
11-12,196073,"NOT HQ-DEAF HARD HEAR, TEACHING SCIENCE           ",2,0.38
11-12,196078,"NOT HQ-DEAF HARD HEAR, TEACHING HISTORY           ",4,1.36
11-12,196079,"NOT HQ-DEAF HARD HEAR, TEACHING ARTS              ",1,0.2
11-12,196090,"NOT HQ-TRAUM BRAIN INJ, TEACHING ENGLISH          ",1,0.03
11-12,196091,NOT HQ-TRAUM BRAIN INJ-TEACH READ OR LAN          ,1,0.03
11-12,196100,"NOT HQ-MILD MOD MENTAL IMP,TEACH ENGLISH          ",3,1.51
11-12,196101,"NOT HQ-MILD MOD MENTAL IMP, READ OR LANG          ",17,5.67
11-12,196102,"NOT HQ-MILD MOD MENTAL IMP, TEACH MATH            ",15,3.94
11-12,196103,"NOT HQ-MILD MOD MENTAL IMP, SCIENCE               ",9,2.12
11-12,196105,"NOT HQ-MILD MOD MENTAL IMP, CIVIC & GOV           ",2,0.31
11-12,196108,"NOT HQ-MILD MOD MENTAL IMP, HISTORY               ",1,0.07
11-12,196109,"NOT HQ-MILD MOD MENTAL IMP, TEACH ARTS            ",2,0.28
11-12,196110,"NOT HQ-MOD SEV MENTAL IMP, TEACH ENGLISH          ",2,0.24
11-12,196111,"NOT HQ-MOD SEV MENTAL IMP, READ OR LANG           ",9,4.11
11-12,196112,"NOT HQ-MOD SEV MENTAL IMP, TEACHING MATH          ",9,3.65
11-12,196113,"NOT HQ-MOD SEV MENTAL IMP, TEACH SCIENCE          ",2,0.17
11-12,196115,"NOT HQ-MOD SEV MENTAL IMP, CIVIC & GOV            ",1,0.07
11-12,196117,"NOT HQ-MOD SEV MENTAL IMP, GEOGRAPHY              ",1,0.09
11-12,196118,"NOT HQ-MOD SEV MENTAL IMP, TEACH HISTORY          ",1,0.07
11-12,196119,"NOT HQ-MOD SEV MENTAL IMP, TEACHING ARTS          ",1,0.05
11-12,199801,SPECIF DISABILITY--MILD TO MODERATE               ,909,608.78
11-12,199802,"SPECIFIC DISABILITY, MOD-SEVERE MENTAL            ",561,396.14
11-12,200100,INTRODUCTION TO AGRICULTURE                       ,65,19.2
11-12,200300,HORTICULTURE/ANIMAL OR CROP PRODUCTION            ,26,8.98
11-12,200501,AGRICULTURAL MANAGEMENT                           ,22,5.63
11-12,200505,NATURAL RESOURCES MANAGEMENT                      ,39,9.44
11-12,300100,ELEM KEYBOARDING/BASIC COMPUTER                   ,181,84.93
11-12,301100,KEYBOARDING/BASIC COMPUTER OPERATIONS             ,268,102.15
11-12,301200,GENERAL BUSINESS COMPUTER APPLICATIONS            ,158,57.38
11-12,301300,COMPUTER PROGRAMMING                              ,46,12.24
11-12,301400,COMPUTER HARDWARE TECHNOLOGY                      ,18,5.08
11-12,301500,NETWORK TECHNOLOGY                                ,12,6.79
11-12,301600,COMPUTER COMMUNICATIONS & THE INTERNET            ,49,19.16
11-12,301700,WEB PAGE DESIGN                                   ,86,20.56
11-12,301800,CAD (COMPUTER ASSISTED DESIGN)DRAFTING            ,52,13.9
11-12,890099,TEACHER ON SPECIAL ASSIGN-INSTRUCTIONAL           ,33,14.85
11-12,890100,ADULT BASIC ED                                    ,340,213.59
11-12,890200,GIFTED ED TEACHER                                 ,303,212.18
11-12,890300,HOMEBOUND TEACHER                                 ,10,6.81
11-12,890413,NON CORE EXPERIMENTAL PROGRAM TEACHER             ,103,31.64
11-12,890500,HUMANITIES                                        ,51,30.26
11-12,890600,HOMEROOM/ADVISORY                                 ,2573,434.32
11-12,890700,GRAD STANDARDS INSTRUCTOR                         ,21,7.81
11-12,890800,TUTOR                                             ,187,104.53
11-12,891000,"HQ-EXP PROG, ENGLISH                              ",67,16.44
11-12,891001,"HQ-EXP PROG, READING/LANGUAGE ARTS                ",72,17.32
11-12,891002,"HQ-EXP PROG, MATHEMATICS                          ",99,25.41
11-12,891003,"HQ-EXP PROG, SCIENCE                              ",93,25.31
11-12,891005,"HQ-EXP PROG, CIVICS & GOVERNMENT                  ",38,5.22
11-12,891006,"HQ-EXP PROG, ECONOMICS                            ",24,2.77
11-12,891007,"HQ-EXP PROG, GEORAPHY                             ",28,3.64
11-12,891008,"HQ-EXP PROG, TEACHING HISTORY                     ",57,11.12
11-12,891009,"HQ-EXP PROG, ARTS (VISUAL/MUSIC)                  ",39,6.34
11-12,892000,"NOT HQ-EXP PROG, ENGLISH                          ",19,3.97
11-12,892001,"NOT HQ-EXP PROG, READING/LANGUAGE ARTS            ",24,4.78
11-12,892002,"NOT HQ-EXP PROG, MATHEMATICS                      ",36,10.55
11-12,892003,"NOT HQ-EXP PROG, SCIENCE                          ",23,5.12
11-12,892004,"NOT HQ-EXP PROG, FOREIGN LANGUAGE                 ",3,1.56
11-12,892005,"NOT HQ-EXP PROG, CIVICS & GOVERNMENT              ",12,1.57
11-12,892006,"NOT HQ-EXP PROG, ECONOMICS                        ",6,0.57
11-12,892007,"NOT HQ-EXP PROG, GEOGRAPHY                        ",11,1.25
11-12,892008,"NOT HQ-EXP PROG, HISTORY                          ",17,3.41
11-12,892009,"NOT HQ-EXP PROG, ARTS (VISUAL/MUSIC)              ",10,1.01
11-12,899999,RESERVE TEACHER                                   ,67,62.3
11-12,900088,ALC/ALP ADMINISTRATOR                             ,39,30.99
11-12,900099,ADMINISTRATOR ON SPECIAL ASSIGNMENT               ,44,38.13
11-12,917000,SUPERVISOR OF SPECIAL EDUCATION                   ,65,60.2
11-12,917040,SUPERVISOR OF EARLY ED/SPECIAL ED                 ,7,6.17
11-12,918000,SUPERVISOR OF EBD                                 ,3,2.9
11-12,919000,SUPERVISOR OF LD                                  ,2,1.2
11-12,920001,SUPERINTENDENT                                    ,324,289.5
11-12,920002,ASSISTANT SUPERINTENDENT                          ,33,32.1
11-12,931001,"PRINCIPAL, ELEMENTARY                             ",713,667.93
11-12,931002,"ASSISTANT PRINCIPAL, ELEMENTARY                   ",71,68.6
11-12,932001,"PRINCIPAL, SECONDARY                              ",395,359.88
11-12,932002,"ASSISTANT PRINCIPAL, SECONDARY                    ",304,293.8
11-12,933000,"PRINCIPAL, K-12 BUILDING                          ",105,98.95
11-12,933001,"PRINCIPAL, MIDDLE SCHOOL                          ",168,157.74
11-12,933002,"ASSISTANT PRINCIPAL, MIDDLE SCHOOL                ",135,133.77
11-12,933010,"ASSISTANT PRINCIPAL, K-12 BUILDING                ",14,12.77
11-12,940200,SPEECH LANGUAGE PATHOLOGIST                       ,1782,1633.52
11-12,940300,"GUIDANCE AND COUNSELING, SECONDARY                ",845,790.17
11-12,940301,"GUIDANCE AND COUNSELING, MIDDLE SCHOOL            ",180,160.45
11-12,940302,"GUIDANCE AND COUNSELING, ELEMENTARY               ",178,145.44
11-12,940400,LIBRARIAN                                         ,134,110.16
11-12,940500,SCHOOL PSYCHOLOGIST                               ,723,665.62
11-12,940700,SCHOOL SOCIAL WORKER                              ,1020,954.58
11-12,940800,SCHOOL NURSE                                      ,542,477.75
11-12,941000,MEDIA GENERALIST                                  ,618,565.33
11-12,950100,"COORDINATOR, ECFE                                 ",140,83.67
11-12,950200,"COORDINATOR, SCHOOL READINESS                     ",62,26.23
11-12,950500,"COORDINATOR, GIFTED EDUCATION                     ",43,28.3
11-12,960200,CURRICULUM DIRECTOR/COORDINATOR                   ,64,52.43
11-12,960300,SPECIAL EDUCATION DIRECTOR                        ,142,128.79
11-12,960301,"ASSISTANT DIRECTOR, SPECIAL EDUCATION             ",38,34.79
11-12,960400,SECONDARY EDUCATION DIRECTOR                      ,16,12.37
11-12,960500,ELEMENTARY EDUCATION DIRECTOR                     ,7,5.77
11-12,960700,COMMUNITY EDUCATION DIRECTOR                      ,176,133.58
11-12,990099,TEACHER ON SP ASSIGN-NON INSTRUCTIONAL            ,900,688.98
11-12,990100,DEPARTMENT CHAIR (ACADEMIC SUBJECT AREA)          ,85,70.98
11-12,990110,PROGRAM/Q COMP COORDINATOR                        ,132,95.64
11-12,990150,TEACHER PREP                                      ,897,155.87
11-12,990200,STAFF DEVELOPMENT                                 ,256,172.99
11-12,990250,TEACHER MENTORSHIP/Q COMP MENTOR                  ,267,213.24
11-12,990300,"MONITORING, STUDY HALL/COMP. LAB, ETC             ",1943,355.47
11-12,990350,GRANT COORDINATOR                                 ,21,12.1
11-12,990400,CURRICULUM DEVELOPMENT/GRAD STANDARDS             ,279,195.52
11-12,990500,"PROGRAM COORDINATOR, SP ED                        ",406,340.19
11-12,990900,DEAN OF STUDENTS                                  ,213,181.05
11-12,Grand Total    ,Totals Statewide                                  ,66142,63432.6
