SchYear,DistNumb,DistType,DistName,CountyNum,SvcCoopRgn,EconDevRgn,SuptAverageSalary,PRIN-HS-AvgSalary,PRIN-MDL-AvgSalary,PRIN-ELM-AvgSalary,TCHR-AvgSalary
13-14,1,1,AITKIN PUBLIC SCHOOL DISTRICT      ,1,3,3,95000,83000,0,70000,44305
13-14,1,3,MINNEAPOLIS PUBLIC SCHOOL DIST.    ,27,11,11,190000,118560.1667,115365,110829.9545,65224
13-14,1,26,TEACH FOR AMERICA                  ,27,0,   ,0,0,0,0,0
13-14,2,1,HILL CITY PUBLIC SCHOOL DISTRICT   ,1,3,3,71540.59406,71540.59406,71540.59406,71540.59406,47362
13-14,4,1,MCGREGOR PUBLIC SCHOOL DISTRICT    ,1,3,3,0,79150,0,0,43373
13-14,6,3,SOUTH ST. PAUL PUBLIC SCHOOL DIST. ,19,11,11,167805,116000,0,102069,58452
13-14,11,1,ANOKA-HENNEPIN PUBLIC SCHOOL DIST. ,2,11,11,180000,123327.6,117339.1667,108049.1667,61386
13-14,12,1,CENTENNIAL PUBLIC SCHOOL DISTRICT  ,2,11,11,175000,123889,118389,111689,58373
13-14,13,1,COLUMBIA HEIGHTS PUBLIC SCHOOL DIST,2,11,11,155350,111500,114313,112304,54289
13-14,14,1,FRIDLEY PUBLIC SCHOOL DISTRICT     ,2,11,11,148352,116692,100399.5,108523,54834
13-14,15,1,ST. FRANCIS PUBLIC SCHOOL DISTRICT ,2,11,11,144929,46000,103051,93344.66667,61810
13-14,16,1,SPRING LAKE PARK PUBLIC SCHOOLS    ,2,11,11,183422,127000,130000,127000,52231
13-14,16,75,SAFE HAVEN                         ,0,0,   ,0,0,0,0,0
13-14,22,1,DETROIT LAKES PUBLIC SCHOOL DIST.  ,3,4,4,126500,0,110037,105408,47718
13-14,23,1,FRAZEE-VERGAS PUBLIC SCHOOL DIST.  ,3,4,4,105000,87760,0,76000,48025
13-14,25,1,PINE POINT PUBLIC SCHOOL DISTRICT  ,3,4,4,70000,0,0,70000,47619
13-14,28,75,BRIGHT HORIZONS                    ,0,0,   ,0,0,0,0,0
13-14,29,75,STEPS OF SUCCESS                   ,0,0,   ,0,0,0,0,0
13-14,30,75,TEENS IN TRANSITION                ,0,0,   ,0,0,0,0,0
13-14,31,1,BEMIDJI PUBLIC SCHOOL DISTRICT     ,4,1,2,150000,106451,105540,94395.35354,54248
13-14,31,75,WINONA YOUTH HOME                  ,0,0,   ,0,0,0,0,0
13-14,32,1,BLACKDUCK PUBLIC SCHOOL DISTRICT   ,4,1,2,89914,75000,0,89914,44016
13-14,32,75,STEPS OF SUCCESS HOMES             ,0,0,   ,0,0,0,0,0
13-14,33,75,JUVENILE DETENTION CENTER          ,0,0,   ,0,0,0,0,0
13-14,36,1,KELLIHER PUBLIC SCHOOL DISTRICT    ,4,1,2,86900,66019.41748,0,66019.41748,48218
13-14,38,1,RED LAKE PUBLIC SCHOOL DISTRICT    ,4,1,2,97365,97365,92905,94391.66667,48580
13-14,47,1,SAUK RAPIDS-RICE PUBLIC SCHOOLS    ,5,7,07W,147987,118073,93450,92030.66667,52021
13-14,48,75,RED RIVER VALLEY (TRI COUNTY CTR)  ,0,0,   ,0,0,0,0,0
13-14,51,1,FOLEY PUBLIC SCHOOL DISTRICT       ,5,7,07W,126000,92720,0,101232,49963
13-14,75,1,ST. CLAIR PUBLIC SCHOOL DISTRICT   ,7,9,9,96850,83000,0,0,43261
13-14,77,1,MANKATO PUBLIC SCHOOL DISTRICT     ,7,9,9,149379,103497,0,94526,51384
13-14,81,1,COMFREY PUBLIC SCHOOL DISTRICT     ,8,9,9,63636.36364,63636.36364,0,63636.36364,41523
13-14,84,1,SLEEPY EYE PUBLIC SCHOOL DISTRICT  ,8,9,9,110664,86742,0,110664,41730
13-14,85,1,SPRINGFIELD PUBLIC SCHOOL DISTRICT ,8,9,9,105100,77500,0,79000,46624
13-14,88,1,NEW ULM PUBLIC SCHOOL DISTRICT     ,8,9,9,125000,101548.5,0,91824,47911
13-14,91,1,BARNUM PUBLIC SCHOOL DISTRICT      ,9,3,3,88000,81000,0,83232,51912
13-14,93,1,CARLTON PUBLIC SCHOOL DISTRICT     ,9,3,3,105376.3441,68000,0,68000,41795
13-14,94,1,CLOQUET PUBLIC SCHOOL DISTRICT     ,9,3,3,105000,87740,80000,78275,57969
13-14,95,1,CROMWELL-WRIGHT PUBLIC SCHOOLS     ,9,3,3,0,65738,0,65738,44845
13-14,97,1,MOOSE LAKE PUBLIC SCHOOL DISTRICT  ,9,3,3,85615,75000,0,83450,48875
13-14,99,1,ESKO PUBLIC SCHOOL DISTRICT        ,9,3,3,116786,94871,0,87232,54177
13-14,100,1,WRENSHALL PUBLIC SCHOOL DISTRICT   ,9,3,3,92920,0,0,0,47113
13-14,101,75,ABBOTT - NORTHWEST CHILD'S CENTER  ,0,0,11,0,0,0,0,0
13-14,103,75,"AGAPE HALFWAY HOUSE, INC.          ",0,0,10,0,0,0,0,0
13-14,104,75,"ALTERNATIVE HOMES, INC.            ",0,0,11,0,0,0,0,0
13-14,105,75,ANOKA COUNTY JUVENILE DETENTION CTR,0,0,   ,0,0,0,0,0
13-14,106,75,ARC PARKVIEW                       ,0,0,11,0,0,0,0,0
13-14,107,75,ARCHDEACON GILFILLAN CENTER        ,0,0,2,0,0,0,0,0
13-14,108,1,CENTRAL PUBLIC SCHOOL DISTRICT     ,10,11,11,114769,90196,91548,87000,46663
13-14,109,75,BELLO NORTH HOME                   ,0,0,   ,0,0,0,0,0
13-14,110,1,WACONIA PUBLIC SCHOOL DISTRICT     ,10,11,11,143611,124034,119213,117307,53570
13-14,110,75,BOOTH BROWN HOUSE                  ,0,0,11,0,0,0,0,0
13-14,111,1,WATERTOWN-MAYER PUBLIC SCHOOL DIST.,10,11,11,146000,85000,91000,0,48555
13-14,111,75,BOY'S TOTEM TOWN                   ,0,0,11,0,0,0,0,0
13-14,112,1,EASTERN CARVER COUNTY PUBLIC SCHOOL,10,11,11,189500,122503,119873.3333,105294.25,58418
13-14,112,75,BRAINERD REGIONAL HUMAN SERVICE CTR,0,0,5,0,0,0,0,0
13-14,113,1,WALKER-HACKENSACK-AKELEY SCHL. DIST,11,5,5,127000,88320,0,88320,48009
13-14,113,75,"BRIDGE FOR RUNAWAY YOUTH, INC.     ",0,0,11,0,0,0,0,0
13-14,115,1,CASS LAKE-BENA PUBLIC SCHOOLS      ,11,5,5,125000,91474,94672,94672,50666
13-14,115,75,CAMBRIDGE REGIONAL HUMAN SERV. CEN.,0,0,   ,0,0,0,0,0
13-14,116,1,PILLAGER PUBLIC SCHOOL DISTRICT    ,11,5,5,126500,95717,0,89474,48532
13-14,116,75,"CHAIN OF LAKES CD SERVICES, INC.   ",0,0,NULL,0,0,0,0,0
13-14,118,1,NORTHLAND COMMUNITY SCHOOLS        ,11,5,5,44000,99587,0,99587,48908
13-14,118,75,COURAGE RESIDENCE (THE)            ,0,0,11,0,0,0,0,0
13-14,119,75,CREST HOME                         ,0,0,10,0,0,0,0,0
13-14,121,75,"DAKOTA COUNTY RECEIVING CENTER, INC",0,0,11,0,0,0,0,0
13-14,122,75,"DAKOTA'S CHILDREN, INC.            ",0,0,11,0,0,0,0,0
13-14,123,75,DEMAR CHILDREN'S HOME              ,0,0,11,0,0,0,0,0
13-14,124,75,"EDEN REHAB/TREATMENT FACILITY, INC ",0,0,11,0,0,0,0,0
13-14,125,75,FAIRVIEW RECEIVING AND EVALUATION  ,0,0,11,0,0,0,0,0
13-14,126,75,FARIBAULT REGIONAL HUMAN SERV CTR  ,0,0,   ,0,0,0,0,0
13-14,127,75,FERGUS FALLS REGIONAL TREATMENT CTR,0,0,   ,0,0,0,0,0
13-14,128,75,FILLMORE PLACE                     ,0,0,10,0,0,0,0,0
13-14,129,1,MONTEVIDEO PUBLIC SCHOOL DISTRICT  ,12,6,06W,122094,109914,0,93470.5,53635
13-14,130,75,FOUNTAIN LAKE TREATMENT CENTER     ,0,0,10,0,0,0,0,0
13-14,131,75,FRIENDSHIP HOUSE I                 ,0,0,11,0,0,0,0,0
13-14,132,75,FRONT STEPS                        ,0,0,11,0,0,0,0,0
13-14,133,75,GERARD TREATMENT PROGRAM           ,0,0,   ,0,0,0,0,0
13-14,134,75,GLENMORE TREATMENT CENTER          ,0,0,1,0,0,0,0,0
13-14,135,75,"HAMMER RESIDENCES, INC.            ",0,0,11,0,0,0,0,0
13-14,136,75,HARBOR SHELTER & COUNSELING CTR    ,0,0,11,0,0,0,0,0
13-14,138,1,NORTH BRANCH PUBLIC SCHOOLS        ,13,7,07E,147805,120455,114050,109775,51789
13-14,139,1,RUSH CITY PUBLIC SCHOOL DISTRICT   ,13,7,07E,95000,82000,0,90300,45162
13-14,139,75,HIAWATHA ADULT HOME                ,0,0,10,0,0,0,0,0
13-14,140,75,HIAWATHA CHILDREN'S HOME           ,0,0,10,0,0,0,0,0
13-14,141,75,HOME AWAY SHELTERS                 ,0,0,11,0,0,0,0,0
13-14,142,75,HOME FOR CREATIVE LIVING           ,0,0,8,0,0,0,0,0
13-14,143,75,HOMEWARD BOUND - NEW HOPE          ,0,0,11,0,0,0,0,0
13-14,145,75,HOUSTON COUNTY HOME - LACRESCENT   ,0,0,10,0,0,0,0,0
13-14,146,1,BARNESVILLE PUBLIC SCHOOL DIST.    ,14,4,4,97850,82500,0,65000,48329
13-14,146,75,INISFAIL HOME                      ,0,0,10,0,0,0,0,0
13-14,147,75,IRENE WHITNEY CENTER FOR RECOVERY  ,0,0,11,0,0,0,0,0
13-14,148,75,JAMESTOWN ADOLESCENT TREATMENT CTR ,0,0,11,0,0,0,0,0
13-14,149,75,JANE DICKMAN HOUSE                 ,0,0,11,0,0,0,0,0
13-14,150,1,HAWLEY PUBLIC SCHOOL DISTRICT      ,14,4,4,120800,96500,0,79034,56790
13-14,150,75,KINDLEHOPE                         ,0,0,06E,0,0,0,0,0
13-14,151,75,LAKE OWASSO CHILDREN'S HOME        ,0,0,11,0,0,0,0,0
13-14,152,1,MOORHEAD PUBLIC SCHOOL DISTRICT    ,14,4,4,154598,119332,106497,107619.3333,52001
13-14,153,75,"LAKE REGION HALFWAY HOMES, INC.    ",0,0,4,0,0,0,0,0
13-14,155,75,LAKEVIEW SCHOOL                    ,0,0,   ,0,0,0,0,0
13-14,156,75,LAURA BAKER SCHOOL                 ,0,0,10,0,0,0,0,0
13-14,159,75,LITTLE SAND HOME                   ,0,0,   ,0,0,0,0,0
13-14,160,70,MINNESOTA STATE ACADEMIES          ,66,10,10,110000,0,0,0,55505
13-14,160,75,MANOR (THE)                        ,0,0,07E,0,0,0,0,0
13-14,161,75,MARY'S SHELTER                     ,0,0,11,0,0,0,0,0
13-14,162,1,BAGLEY PUBLIC SCHOOL DISTRICT      ,15,1,2,113000,87289,0,87289,50720
13-14,165,75,MISSION CARE CENTER                ,0,0,11,0,0,0,0,0
13-14,166,1,COOK COUNTY PUBLIC SCHOOLS         ,16,3,3,123995.1807,78000,78000,86000,52644
13-14,166,75,MOUNT OLIVET ROLLING ACRES         ,0,0,11,0,0,0,0,0
13-14,167,75,MURIEL HUMPHREY RESIDENCES         ,0,0,11,0,0,0,0,0
13-14,168,75,NELSON HOME                        ,0,0,   ,0,0,0,0,0
13-14,169,75,NEW BEGINNINGS AT WAVERLY          ,0,0,   ,0,0,0,0,0
13-14,170,75,"NEW BEGINNINGS HOME, INC           ",0,0,   ,0,0,0,0,0
13-14,171,75,NORTHWEST METRO CD CENTER          ,0,0,   ,0,0,0,0,0
13-14,172,75,NORTHWEST REGIONAL JUVENILE CTR    ,0,0,   ,0,0,0,0,0
13-14,173,1,MOUNTAIN LAKE PUBLIC SCHOOLS       ,17,6,8,96435,74400,0,71900,47761
13-14,173,75,NORTHWOOD CHILDREN'S HOME          ,0,0,   ,0,0,0,0,0
13-14,174,75,"OAKRIDGE HOMES OF WADENA, INC      ",0,0,   ,0,0,0,0,0
13-14,175,75,"OAKWOOD RESIDENCE, INC             ",0,0,11,0,0,0,0,0
13-14,177,1,WINDOM PUBLIC SCHOOL DISTRICT      ,17,6,8,104000,80000,0,82000,44339
13-14,178,75,PARK POINT MANOR                   ,0,0,3,0,0,0,0,0
13-14,179,75,PEOPLE'S CHILD CARE RESIDENCE      ,0,0,11,0,0,0,0,0
13-14,180,75,PETTIT CHILDREN'S HOME             ,0,0,07W,0,0,0,0,0
13-14,181,1,BRAINERD PUBLIC SCHOOL DISTRICT    ,18,5,5,128000,103500,99000,92032,55558
13-14,181,75,"PINE MANOR, INC  #2                ",0,0,2,0,0,0,0,0
13-14,182,1,CROSBY-IRONTON PUBLIC SCHOOL DIST. ,18,5,5,100000,84644,0,86000,54708
13-14,182,75,PORT HOME I                        ,0,0,5,0,0,0,0,0
13-14,183,75,PORT REHABILITATION CENTER FOR CD  ,0,0,3,0,0,0,0,0
13-14,184,75,PROJECT INDEPENDENCE - RIDGEWOOD   ,0,0,8,0,0,0,0,0
13-14,185,75,"PROJECT NEW HOPE - 1,2,3,4,5       ",0,0,   ,0,0,0,0,0
13-14,186,1,PEQUOT LAKES PUBLIC SCHOOLS        ,18,5,5,122000,98630,77972,85000,50220
13-14,186,75,"RANGE CENTER, INC                  ",0,0,3,0,0,0,0,0
13-14,187,75,RED WING HEALTH CENTER             ,0,0,   ,0,0,0,0,0
13-14,191,1,BURNSVILLE PUBLIC SCHOOL DISTRICT  ,19,11,11,185000,123127.5,0,109155.9,59196
13-14,192,1,FARMINGTON PUBLIC SCHOOL DISTRICT  ,19,11,11,189000,130893,123723.5,116102,55207
13-14,194,1,LAKEVILLE PUBLIC SCHOOL DISTRICT   ,19,11,11,180000,136022.5,126911.6667,121722.125,64520
13-14,195,1,RANDOLPH PUBLIC SCHOOL DISTRICT    ,19,11,11,118731,86762,0,97800,48113
13-14,196,1,ROSEMOUNT-APPLE VALLEY-EAGAN       ,19,11,11,195840,139191.2,130297,124597.3889,67848
13-14,197,1,WEST ST. PAUL-MENDOTA HTS.-EAGAN   ,19,11,11,169200,119572,113810,108644,57472
13-14,199,1,INVER GROVE HEIGHTS SCHOOLS        ,19,11,11,167917,149885.5422,0,114004,59561
13-14,200,1,HASTINGS PUBLIC SCHOOL DISTRICT    ,19,11,11,160750,125523,115936,107289.6667,59788
13-14,203,1,HAYFIELD PUBLIC SCHOOL DISTRICT    ,20,10,10,0,78000,0,83378,50589
13-14,204,1,KASSON-MANTORVILLE SCHOOL DISTRICT ,20,10,10,121300,73000,76000,95000,49174
13-14,206,1,ALEXANDRIA PUBLIC SCHOOL DISTRICT  ,21,4,4,143000,100902.5,0,100953.6035,53732
13-14,213,1,OSAKIS PUBLIC SCHOOL DISTRICT      ,21,4,4,97319.58763,92595,0,87595,49740
13-14,213,75,RESIDENTIAL SERVICES - DULUTH      ,0,0,3,0,0,0,0,0
13-14,214,75,SERENITY MANOR                     ,0,0,07E,0,0,0,0,0
13-14,215,75,SHERBURNE HOUSE                    ,0,0,11,0,0,0,0,0
13-14,216,75,SHERIFFS YOUTH PROGRAM OF AUSTIN   ,0,0,   ,0,0,0,0,0
13-14,217,75,SHERIFFS YOUTH PROGRAM OF ISANTI   ,0,0,   ,0,0,0,0,0
13-14,218,75,SHINGLE CREEK OPTION               ,0,0,11,0,0,0,0,0
13-14,219,75,SOUTH CENTER MANOR                 ,0,0,07E,0,0,0,0,0
13-14,220,75,ST. CLOUD CHILDREN'S HOME          ,0,0,   ,0,0,0,0,0
13-14,221,75,ST. CROIX CAMPS I & II             ,0,0,   ,0,0,0,0,0
13-14,222,75,ST. JOSEPH'S HOME FOR CHILDREN     ,0,0,11,0,0,0,0,0
13-14,224,75,THISTLEDEW CAMP                    ,0,0,   ,0,0,0,0,0
13-14,225,75,"TREVILLA OF ROBBINSDALE, INC       ",0,0,11,0,0,0,0,0
13-14,226,75,TWENTY TWENTY ADOLESCENT RECEIVE CT,0,0,11,0,0,0,0,0
13-14,227,1,CHATFIELD PUBLIC SCHOOLS           ,55,10,10,107590,95339,0,90009,48799
13-14,227,75,TWIN TOWN TREATMENT CENTER         ,0,0,11,0,0,0,0,0
13-14,228,75,VASA LUTHERAN HOME FOR CHILDREN    ,0,0,10,0,0,0,0,0
13-14,229,1,LANESBORO PUBLIC SCHOOL DISTRICT   ,23,10,10,103648.5437,89444,0,79630.69307,47485
13-14,229,75,WAY 12 HALFWAY HOUSE               ,0,0,11,0,0,0,0,0
13-14,230,75,"WAYSIDE HOUSE, INC                 ",0,0,11,0,0,0,0,0
13-14,231,75,"WEST HILLS LODGE, INC.             ",0,0,10,0,0,0,0,0
13-14,232,75,"WILDER JUVENILE HORIZONS, INC      ",0,0,11,0,0,0,0,0
13-14,233,75,WINNEBAGO ADOLESCENT TREATMENT CTR ,0,0,9,0,0,0,0,0
13-14,234,75,WOODLAND HILLS                     ,0,0,3,0,0,0,0,0
13-14,235,75,YOUNG PEOPLE'S RESIDENTIAL CENTER  ,0,0,3,0,0,0,0,0
13-14,236,75,MOOSE LAKE RGNL HUMAN SERVICE CTR  ,0,0,3,0,0,0,0,0
13-14,237,75,ARROWHEAD JUVENILE DETENTION CENTER,0,0,3,0,0,0,0,0
13-14,238,1,MABEL-CANTON PUBLIC SCHOOL DIST.   ,23,10,10,60000,81622,0,81622,44132
13-14,238,75,BUCKEYE MANOR                      ,0,0,10,0,0,0,0,0
13-14,239,1,RUSHFORD-PETERSON PUBLIC SCHOOLS   ,23,10,10,92000,82000,82000,82000,49476
13-14,239,75,DELLWOOD CENTER                    ,0,0,07E,0,0,0,0,0
13-14,240,75,DIVINE REDEEMER                    ,0,0,11,0,0,0,0,0
13-14,241,1,ALBERT LEA PUBLIC SCHOOL DISTRICT  ,24,10,10,130000,109101,105183,86869.75,51496
13-14,241,75,FAIRVIEW DEACONESS - ADOLESCENT    ,0,0,   ,0,0,0,0,0
13-14,242,1,ALDEN-CONGER PUBLIC SCHOOL DISTRICT,24,10,10,0,80000,0,80000,42656
13-14,242,75,GALLOWAY BOYS RANCH                ,0,0,   ,0,0,0,0,0
13-14,243,75,GREENBRIAR HOUSE                   ,0,0,11,0,0,0,0,0
13-14,244,75,ST. PETER REGIONAL HUMAN SERVICE CT,0,0,   ,0,0,0,0,0
13-14,245,75,JUEL FAIRBANKS                     ,0,0,11,0,0,0,0,0
13-14,246,50,CENTRAL MINNESOTA E.R.D.C.         ,5,7,07W,0,0,0,0,0
13-14,247,75,NEW CONNECTION                     ,0,0,11,0,0,0,0,0
13-14,248,75,NORTHWOOD WEST                     ,0,0,   ,0,0,0,0,0
13-14,249,75,RAMSEY JUVENILE DETENTION CENTER   ,0,0,11,0,0,0,0,0
13-14,250,75,RANGE TREATMENT CENTER             ,0,0,3,0,0,0,0,0
13-14,251,75,SIOUX VALLEY HOSPITAL              ,0,0,9,0,0,0,0,0
13-14,252,1,CANNON FALLS PUBLIC SCHOOL DISTRICT,25,10,10,95000,92436,0,81022,45434
13-14,252,75,ST. CLOUD HOSPITAL AND CD          ,0,0,07W,0,0,0,0,0
13-14,253,1,GOODHUE PUBLIC SCHOOL DISTRICT     ,25,10,10,100000,68000,0,74347,46834
13-14,253,75,ST. JOSEPH'S HOSPITAL              ,0,0,11,0,0,0,0,0
13-14,254,75,ST. MARY'S ADOLESCENT CD PROGRAM   ,0,0,11,0,0,0,0,0
13-14,255,1,PINE ISLAND PUBLIC SCHOOL DIST.    ,25,10,10,117500,90843,0,90000,45474
13-14,255,75,TEAM CENTER-FAIRVIEW TREATMENT CENT,0,0,11,0,0,0,0,0
13-14,256,1,RED WING PUBLIC SCHOOL DISTRICT    ,25,10,10,140070,118239,113904,104201.5,54066
13-14,256,75,WILLMAR REGIONAL HUMAN SERVICE CTR ,0,0,   ,0,0,0,0,0
13-14,257,75,ZUMBRO VALLEY CRISIS UNIT          ,0,0,10,0,0,0,0,0
13-14,260,75,VON WALD SHELTER                   ,0,0,10,0,0,0,0,0
13-14,261,1,ASHBY PUBLIC SCHOOL DISTRICT       ,26,4,4,82400,70000,0,70000,40400
13-14,264,1,HERMAN-NORCROSS SCHOOL DISTRICT    ,26,4,4,100000,0,0,100000,45570
13-14,270,1,HOPKINS PUBLIC SCHOOL DISTRICT     ,27,11,11,191900,126689,0,111182.5,61409
13-14,271,1,BLOOMINGTON PUBLIC SCHOOL DISTRICT ,27,11,11,180000,134449.5,124694,116613.7273,60646
13-14,272,1,EDEN PRAIRIE PUBLIC SCHOOL DISTRICT,27,11,11,186945,130566,123258,119857.5,63796
13-14,273,1,EDINA PUBLIC SCHOOL DISTRICT       ,27,11,11,193440,138590,126167,122253.3333,63210
13-14,276,1,MINNETONKA PUBLIC SCHOOL DISTRICT  ,27,11,11,214137,146046,127872,122572,63665
13-14,277,1,WESTONKA PUBLIC SCHOOL DISTRICT    ,27,11,11,162770,125917,118480,114377,59015
13-14,278,1,ORONO PUBLIC SCHOOL DISTRICT       ,27,11,11,188090,122969,116821,114361,59191
13-14,279,1,OSSEO PUBLIC SCHOOL DISTRICT       ,27,11,11,194555,132284.2222,0,124897.8889,60510
13-14,280,1,RICHFIELD PUBLIC SCHOOL DISTRICT   ,27,11,11,162788,126472,121496,111558,58841
13-14,281,1,ROBBINSDALE PUBLIC SCHOOL DISTRICT ,27,11,11,183745,121909.6667,110727.8,110342.5556,60070
13-14,282,1,ST. ANTHONY-NEW BRIGHTON SCHOOLS   ,27,11,11,158000,112317,109948,104455,56919
13-14,283,1,ST. LOUIS PARK PUBLIC SCHOOL DIST. ,27,11,11,120042,120493,89406,92860.25,58711
13-14,284,1,WAYZATA PUBLIC SCHOOL DISTRICT     ,27,11,11,187500,150941,136457.6667,127815.5714,62198
13-14,286,1,BROOKLYN CENTER SCHOOL DISTRICT    ,27,11,11,160000,108000,0,108000,51787
13-14,287,6,INTERMEDIATE SCHOOL DISTRICT 287   ,27,11,11,189371,0,0,0,60198
13-14,294,1,HOUSTON PUBLIC SCHOOL DISTRICT     ,28,10,10,93956,83268.31683,0,83394,42822
13-14,297,1,SPRING GROVE SCHOOL DISTRICT       ,28,10,10,38095.2381,81100,0,0,43346
13-14,299,1,CALEDONIA PUBLIC SCHOOL DISTRICT   ,28,10,10,103000,128134.3284,0,103000,53930
13-14,299,75,OUT OF STATE SPECIAL STUDENT       ,0,0,   ,0,0,0,0,0
13-14,300,1,LA CRESCENT-HOKAH SCHOOL DISTRICT  ,28,10,10,107721,102443,95505,99263,49339
13-14,300,75,BIRCHVIEW GROUP HOME               ,0,0,   ,0,0,0,0,0
13-14,302,75,ARLINGTON HOUSE                    ,0,0,   ,0,0,0,0,0
13-14,306,1,LAPORTE PUBLIC SCHOOL DISTRICT     ,29,1,2,60000,71000,0,71000,42305
13-14,308,1,NEVIS PUBLIC SCHOOL DISTRICT       ,29,1,2,94500,88000,0,88000,48912
13-14,309,1,PARK RAPIDS PUBLIC SCHOOL DISTRICT ,29,1,2,109000,93692,92682,92682,52627
13-14,314,1,BRAHAM PUBLIC SCHOOL DISTRICT      ,30,7,07E,104010,85260,0,83700,46506
13-14,316,1,GREENWAY PUBLIC SCHOOL DISTRICT    ,31,3,3,0,85000,0,85000,45030
13-14,316,75,VALLEY LAKE BOY'S HOME             ,0,0,4,0,0,0,0,0
13-14,317,1,DEER RIVER PUBLIC SCHOOL DISTRICT  ,31,3,5,108675,87138,0,84062,49740
13-14,318,1,GRAND RAPIDS PUBLIC SCHOOL DISTRICT,31,3,3,58253,109877.5,110479,87014.2,54340
13-14,319,1,NASHWAUK-KEEWATIN SCHOOL DISTRICT  ,31,3,3,116000,80000,0,80400,50186
13-14,323,2,FRANCONIA PUBLIC SCHOOL DISTRICT   ,13,7,07E,0,0,0,0,0
13-14,328,75,SCOTT COUNTY JUVENILE ALTERNATIVE  ,0,0,11,0,0,0,0,0
13-14,330,1,HERON LAKE-OKABENA SCHOOL DISTRICT ,32,6,8,76541,0,0,0,40845
13-14,332,1,MORA PUBLIC SCHOOL DISTRICT        ,33,7,07E,115000,92000,0,80000,47797
13-14,333,1,OGILVIE PUBLIC SCHOOL DISTRICT     ,33,7,07E,83325,76361.22449,0,0,46672
13-14,345,1,NEW LONDON-SPICER SCHOOL DISTRICT  ,34,6,06E,67991,0,74460,63804,52327
13-14,347,1,WILLMAR PUBLIC SCHOOL DISTRICT     ,34,6,06E,143500,92963,104372,100000,51261
13-14,356,1,LANCASTER PUBLIC SCHOOL DISTRICT   ,35,1,1,105000,105000,0,105000,40538
13-14,361,1,INTERNATIONAL FALLS SCHOOL DISTRICT,36,3,3,110000,0,0,84578,53204
13-14,362,1,LITTLEFORK-BIG FALLS SCHOOL DIST.  ,36,3,3,102000,81000,0,81000,51468
13-14,363,1,SOUTH KOOCHICHING SCHOOL DISTRICT  ,36,1,3,112857,69250,0,69250,43689
13-14,377,75,DAWSON ICR/MR                      ,0,0,   ,0,0,0,0,0
13-14,378,1,DAWSON-BOYD PUBLIC SCHOOL DISTRICT ,37,6,06W,110000,84689,0,75330,48325
13-14,381,1,LAKE SUPERIOR PUBLIC SCHOOL DIST.  ,38,3,3,115000,80000,0,85803,53347
13-14,382,52,NW REGION INTERDISTRICT COUNCIL    ,45,1,1,0,0,0,0,0
13-14,390,1,LAKE OF THE WOODS SCHOOL DISTRICT  ,39,1,2,98332.5,0,0,67580,47060
13-14,391,1,CLEVELAND PUBLIC SCHOOL DISTRICT   ,40,9,9,94500,81500,0,81500,43543
13-14,397,52,LAKE AGASSIZ SPECIAL ED. COOP.     ,3,4,4,0,0,0,0,44382
13-14,398,52,MIDWEST SPECIAL EDUCATION COOP.    ,75,4,4,0,0,0,0,49958
13-14,402,1,HENDRICKS PUBLIC SCHOOL DISTRICT   ,41,6,8,0,52000,0,52000,34027
13-14,403,1,IVANHOE PUBLIC SCHOOL DISTRICT     ,41,6,8,39755.44554,0,0,0,34717
13-14,403,75,FRIENDSHIP HAVEN I AND II          ,0,0,9,0,0,0,0,0
13-14,404,1,LAKE BENTON PUBLIC SCHOOL DISTRICT ,41,6,8,75500,0,0,75500,41645
13-14,413,1,MARSHALL PUBLIC SCHOOL DISTRICT    ,42,6,8,103460,107787,105189,88500,46367
13-14,414,1,MINNEOTA PUBLIC SCHOOL DISTRICT    ,42,6,8,107500,77000,0,77000,41602
13-14,415,1,LYND PUBLIC SCHOOL DISTRICT        ,42,6,8,0,0,0,57000,34023
13-14,423,1,HUTCHINSON PUBLIC SCHOOL DISTRICT  ,43,6,06E,133400,110969,108962,103484,49256
13-14,424,1,LESTER PRAIRIE PUBLIC SCHOOL DIST. ,43,6,06E,90000,75000,0,75000,44167
13-14,428,75,HOFFMAN HOME                       ,0,0,4,0,0,0,0,0
13-14,432,1,MAHNOMEN PUBLIC SCHOOL DISTRICT    ,44,1,2,106000,92986,0,80000,51193
13-14,435,1,WAUBUN-OGEMA-WHITE EARTH PUBLIC SCH,44,1,2,94000,93500,0,85000,47070
13-14,441,1,MARSHALL COUNTY CENTRAL SCHOOLS    ,45,1,1,96000,79500,0,96000,44223
13-14,447,1,GRYGLA PUBLIC SCHOOL DISTRICT      ,45,1,1,98500,70000,0,70000,42895
13-14,458,1,TRUMAN PUBLIC SCHOOL DISTRICT      ,46,9,9,0,67000,0,67000,41143
13-14,463,1,EDEN VALLEY-WATKINS SCHOOL DISTRICT,47,6,07W,113000,90099.0099,0,81000,44511
13-14,465,1,LITCHFIELD PUBLIC SCHOOL DISTRICT  ,47,6,06E,122000,99000,113311,106765,51559
13-14,466,1,DASSEL-COKATO PUBLIC SCHOOL DIST.  ,86,6,07W,132031,112579,107102,110029,52114
13-14,473,1,ISLE PUBLIC SCHOOL DISTRICT        ,48,7,07E,92000,86650,0,86650,38894
13-14,477,1,PRINCETON PUBLIC SCHOOL DISTRICT   ,48,7,07E,0,102066,103176,97629,49984
13-14,480,1,ONAMIA PUBLIC SCHOOL DISTRICT      ,48,7,07E,97851,82000,0,80020,46765
13-14,482,1,LITTLE FALLS PUBLIC SCHOOL DISTRICT,49,5,5,14405,119694,113146,104744,53110
13-14,484,1,PIERZ PUBLIC SCHOOL DISTRICT       ,49,5,5,131880,100471,0,92653,48370
13-14,485,1,ROYALTON PUBLIC SCHOOL DISTRICT    ,49,5,5,108000,81000,0,91558,44854
13-14,486,1,SWANVILLE PUBLIC SCHOOL DISTRICT   ,49,5,5,110500,36004,0,0,51102
13-14,487,1,UPSALA PUBLIC SCHOOL DISTRICT      ,49,5,5,100000,0,0,0,47233
13-14,492,1,AUSTIN PUBLIC SCHOOL DISTRICT      ,50,10,10,142843,103246.6667,103075,95305.83333,51494
13-14,495,1,GRAND MEADOW PUBLIC SCHOOL DISTRICT,50,10,10,192500,102250,0,102250,41860
13-14,497,1,LYLE PUBLIC SCHOOL DISTRICT        ,50,10,10,62000,80000,0,80000,41647
13-14,499,1,LEROY-OSTRANDER PUBLIC SCHOOLS     ,50,10,10,0,84500,0,84500,44921
13-14,500,1,SOUTHLAND PUBLIC SCHOOL DISTRICT   ,50,10,10,91000,78500,78500,72000,45241
13-14,505,1,FULDA PUBLIC SCHOOL DISTRICT       ,51,6,8,108000,0,0,77964.35644,49950
13-14,507,1,NICOLLET PUBLIC SCHOOL DISTRICT    ,52,9,9,89835.8209,80808.08081,80808.08081,80808.08081,44973
13-14,508,1,ST. PETER PUBLIC SCHOOL DISTRICT   ,52,9,9,134086,108084,0,100309,51563
13-14,511,1,ADRIAN PUBLIC SCHOOL DISTRICT      ,53,6,8,172083.3333,84000,0,83048,41365
13-14,514,1,ELLSWORTH PUBLIC SCHOOL DISTRICT   ,53,6,8,0,51665,0,51665,39012
13-14,518,1,WORTHINGTON PUBLIC SCHOOL DISTRICT ,53,6,8,149000,98419,95251,95251,47829
13-14,531,1,BYRON PUBLIC SCHOOL DISTRICT       ,55,10,10,121500,90530,109182,84819,50716
13-14,533,1,DOVER-EYOTA PUBLIC SCHOOL DISTRICT ,55,10,10,120000,87150,63596.9697,93800,47852
13-14,534,1,STEWARTVILLE PUBLIC SCHOOL DISTRICT,55,10,10,147513,104444,82500,81932.5,50816
13-14,535,1,ROCHESTER PUBLIC SCHOOL DISTRICT   ,55,10,10,185191,114346,111090.5,98606.2,54654
13-14,542,1,BATTLE LAKE PUBLIC SCHOOL DISTRICT ,56,4,4,102500,102500,0,0,48714
13-14,544,1,FERGUS FALLS PUBLIC SCHOOL DISTRICT,56,4,4,135800,112897,0,99272.72727,48625
13-14,545,1,HENNING PUBLIC SCHOOL DISTRICT     ,56,4,4,114816,87500,0,87500,40121
13-14,547,1,PARKERS PRAIRIE PUBLIC SCHOOL DIST.,56,4,4,0,80000,0,80000,44833
13-14,548,1,PELICAN RAPIDS PUBLIC SCHOOL DIST. ,56,4,4,97000,0,0,82000,50375
13-14,549,1,PERHAM-DENT PUBLIC SCHOOL DISTRICT ,56,4,4,115000,80000,80975,75000,44828
13-14,550,1,UNDERWOOD PUBLIC SCHOOL DISTRICT   ,56,4,4,108000,101755,0,108000,40749
13-14,553,1,NEW YORK MILLS PUBLIC SCHOOL DIST. ,56,4,4,97500,76000,0,78000,44747
13-14,561,1,GOODRIDGE PUBLIC SCHOOL DISTRICT   ,57,1,1,0,65000,0,65000,45514
13-14,564,1,THIEF RIVER FALLS SCHOOL DISTRICT  ,57,1,1,110000,94151,94151,94151,47103
13-14,577,1,WILLOW RIVER PUBLIC SCHOOL DISTRICT,58,7,07E,94111,68000,0,81055.5,46108
13-14,578,1,PINE CITY PUBLIC SCHOOL DISTRICT   ,58,7,07E,119000,85053,0,84633,51617
13-14,581,1,EDGERTON PUBLIC SCHOOL DISTRICT    ,59,6,8,0,75800,0,75800,44720
13-14,592,1,CLIMAX-SHELLY PUBLIC SCHOOLS       ,60,1,1,101408,70955,0,70955,35600
13-14,593,1,CROOKSTON PUBLIC SCHOOL DISTRICT   ,60,1,1,120000,83250,0,91420,49159
13-14,595,1,EAST GRAND FORKS PUBLIC SCHOOL DIST,60,1,1,122282,90189,89419,82341.5,51553
13-14,599,1,FERTILE-BELTRAMI SCHOOL DISTRICT   ,60,1,1,100000,74500,0,74500,48311
13-14,600,1,FISHER PUBLIC SCHOOL DISTRICT      ,60,1,1,82000,67000,0,67000,40537
13-14,601,1,FOSSTON PUBLIC SCHOOL DISTRICT     ,60,1,1,97000,75000,0,0,49018
13-14,621,1,MOUNDS VIEW PUBLIC SCHOOL DISTRICT ,62,11,11,200000,141020,125513.3333,124475,57413
13-14,622,1,NORTH ST PAUL-MAPLEWOOD OAKDALE DIS,62,11,11,187193,126885.5,113368.5,98278.55556,57238
13-14,623,1,ROSEVILLE PUBLIC SCHOOL DISTRICT   ,62,11,11,201128,0,135665,131265.7143,57097
13-14,624,1,WHITE BEAR LAKE SCHOOL DISTRICT    ,62,11,11,190457,131054,127985,119803.5,61075
13-14,625,1,ST. PAUL PUBLIC SCHOOL DISTRICT    ,62,11,11,193000,118527.6667,110571.5,110554.825,65840
13-14,630,1,RED LAKE FALLS PUBLIC SCHOOL DIST. ,63,1,1,104700,75276,0,68000,45391
13-14,635,1,MILROY PUBLIC SCHOOL DISTRICT      ,64,6,8,0,0,0,0,44185
13-14,640,1,WABASSO PUBLIC SCHOOL DISTRICT     ,64,6,8,96000,72000,0,0,42468
13-14,656,1,FARIBAULT PUBLIC SCHOOL DISTRICT   ,66,10,10,141400,109620,89093,102211.3333,50113
13-14,659,1,NORTHFIELD PUBLIC SCHOOL DISTRICT  ,66,10,10,149810,108302,102411,102368,53096
13-14,671,1,HILLS-BEAVER CREEK SCHOOL DISTRICT ,67,6,8,103567,103567,0,103567,46784
13-14,676,1,BADGER PUBLIC SCHOOL DISTRICT      ,68,1,1,210000,0,0,0,45040
13-14,682,1,ROSEAU PUBLIC SCHOOL DISTRICT      ,68,1,1,119877,98470,0,94189,51947
13-14,690,1,WARROAD PUBLIC SCHOOL DISTRICT     ,68,1,1,119036,101368.8172,0,90805.37634,54637
13-14,695,1,CHISHOLM PUBLIC SCHOOL DISTRICT    ,69,3,3,97783,91342,0,89790.75373,45058
13-14,696,1,ELY PUBLIC SCHOOL DISTRICT         ,69,3,3,80000,78000,78000,72000,49619
13-14,698,1,FLOODWOOD PUBLIC SCHOOL DISTRICT   ,69,3,3,135200,0,0,0,42703
13-14,700,1,HERMANTOWN PUBLIC SCHOOL DISTRICT  ,69,3,3,125596,99350,94895,93800,56142
13-14,701,1,HIBBING PUBLIC SCHOOL DISTRICT     ,69,3,3,122275,106782,0,96432,60881
13-14,704,1,PROCTOR PUBLIC SCHOOL DISTRICT     ,69,3,3,116366,97428,0,77821.5,48694
13-14,704,75,PRAIRIE LAKES DETENTION CENTER     ,0,0,   ,0,0,0,0,0
13-14,706,1,VIRGINIA PUBLIC SCHOOL DISTRICT    ,69,3,3,111000,82074,0,82074,54590
13-14,707,1,NETT LAKE PUBLIC SCHOOL DISTRICT   ,69,3,3,96000,0,0,96000,49339
13-14,709,1,DULUTH PUBLIC SCHOOL DISTRICT      ,69,3,3,168000,109154.6173,98792,98522.33333,56880
13-14,712,1,MOUNTAIN IRON-BUHL SCHOOL DISTRICT ,69,3,3,115855,83037,0,115855,49917
13-14,716,1,BELLE PLAINE PUBLIC SCHOOL DISTRICT,70,11,11,132000,91000,0,89500,46420
13-14,717,1,JORDAN PUBLIC SCHOOL DISTRICT      ,70,11,11,134000,115465,114365,110465,57618
13-14,719,1,PRIOR LAKE-SAVAGE AREA SCHOOLS     ,70,11,11,153000,120740,117747,112568.5714,54822
13-14,720,1,SHAKOPEE PUBLIC SCHOOL DISTRICT    ,70,11,11,175830,115124.3333,0,112670.7143,54480
13-14,721,1,NEW PRAGUE AREA SCHOOLS            ,70,11,11,145000,122240,120852,114900,51095
13-14,726,1,BECKER PUBLIC SCHOOL DISTRICT      ,71,7,07W,144200,113296,111575,108354,55368
13-14,727,1,BIG LAKE PUBLIC SCHOOL DISTRICT    ,71,7,07W,148642,115447,114304,104786.5,53243
13-14,728,1,ELK RIVER PUBLIC SCHOOL DISTRICT   ,71,7,07W,189906,120334.25,117790.25,107592.3558,60349
13-14,738,1,HOLDINGFORD PUBLIC SCHOOL DISTRICT ,73,7,07W,113850,83750,0,83000,45796
13-14,739,1,KIMBALL PUBLIC SCHOOL DISTRICT     ,73,7,07W,92066,89000,0,82184,49391
13-14,740,1,MELROSE PUBLIC SCHOOL DISTRICT     ,73,7,07W,105500,100726,94264,100726,55901
13-14,741,1,PAYNESVILLE PUBLIC SCHOOL DISTRICT ,73,7,07W,111000,98273,98273,87501,51422
13-14,742,1,ST. CLOUD PUBLIC SCHOOL DISTRICT   ,73,7,07W,170000,103539.75,0,95926.875,52389
13-14,743,1,SAUK CENTRE PUBLIC SCHOOL DISTRICT ,73,7,07W,0,89638,0,85446,55472
13-14,745,1,ALBANY PUBLIC SCHOOL DISTRICT      ,73,7,07W,107000,99068,0,94946,56611
13-14,748,1,SARTELL-ST. STEPHEN SCHOOL DISTRICT,73,7,07W,95666,75057,54751,79319.5,38449
13-14,750,1,ROCORI PUBLIC SCHOOL DISTRICT      ,73,7,07W,131611,102042,0,97089,51324
13-14,756,1,BLOOMING PRAIRIE PUBLIC SCHOOL DIST,74,10,10,115800,115800,0,75600,50066
13-14,761,1,OWATONNA PUBLIC SCHOOL DISTRICT    ,74,10,10,124000,103428,0,90919.6,53041
13-14,763,1,MEDFORD PUBLIC SCHOOL DISTRICT     ,74,10,10,160000,94229,0,90177,42016
13-14,768,1,HANCOCK PUBLIC SCHOOL DISTRICT     ,75,4,4,115000,79937,0,79937,45213
13-14,771,1,CHOKIO-ALBERTA PUBLIC SCHOOL DIST. ,75,4,4,0,60000,0,0,41122
13-14,775,1,KERKHOVEN-MURDOCK-SUNBURG          ,76,6,06W,91900,69000,0,77530,41796
13-14,777,1,BENSON PUBLIC SCHOOL DISTRICT      ,76,6,06W,105000,105000,0,88000,51650
13-14,786,1,BERTHA-HEWITT PUBLIC SCHOOL DIST.  ,77,5,5,97750,85824,0,97750,46133
13-14,787,1,BROWERVILLE PUBLIC SCHOOL DISTRICT ,77,5,5,108000,74263,0,74263,47389
13-14,801,1,BROWNS VALLEY PUBLIC SCHOOL DIST.  ,78,4,4,108138.2979,0,0,0,42827
13-14,803,1,WHEATON AREA PUBLIC SCHOOL DISTRICT,78,4,4,96000,77578.94737,0,96000,48938
13-14,811,1,WABASHA-KELLOGG PUBLIC SCHOOL DIST.,79,10,10,96000,61940.29851,0,88000,45253
13-14,813,1,LAKE CITY PUBLIC SCHOOL DISTRICT   ,79,10,10,115000,92583,0,92583,49739
13-14,815,2,PRINSBURG PUBLIC SCHOOL DISTRICT   ,34,6,06E,0,0,0,0,47849
13-14,818,1,VERNDALE PUBLIC SCHOOL DISTRICT    ,80,5,5,94500,75000,0,94500,43036
13-14,820,1,SEBEKA PUBLIC SCHOOL DISTRICT      ,80,5,5,110150,110150,0,0,44522
13-14,821,1,MENAHGA PUBLIC SCHOOL DISTRICT     ,80,5,5,107000,76500,0,75000,44244
13-14,829,1,WASECA PUBLIC SCHOOL DISTRICT      ,81,9,9,130000,75787.5,0,80688,45396
13-14,831,1,FOREST LAKE PUBLIC SCHOOL DISTRICT ,82,11,11,157000,117266.3333,0,109119,50305
13-14,831,75,MISSOURI ADOLES TREATMENT CENTER   ,0,0,   ,0,0,0,0,0
13-14,832,1,MAHTOMEDI PUBLIC SCHOOL DISTRICT   ,82,11,11,175000,128030,121210,119355,62601
13-14,833,1,SOUTH WASHINGTON COUNTY SCHOOL DIST,82,11,11,178000,119784,111824.25,104720.2308,54433
13-14,834,1,STILLWATER AREA PUBLIC SCHOOL DIST.,82,11,11,160000,106820.3333,0,102812.5,62966
13-14,836,1,BUTTERFIELD PUBLIC SCHOOL DISTRICT ,83,9,9,78900,75000,0,75000,40519
13-14,837,1,MADELIA PUBLIC SCHOOL DISTRICT     ,83,9,9,104076,87206,0,82000,44188
13-14,840,1,ST. JAMES PUBLIC SCHOOL DISTRICT   ,83,9,9,112417,85000,0,85000,51157
13-14,846,1,BRECKENRIDGE PUBLIC SCHOOL DISTRICT,84,4,4,112000,83232,94291,78000,52657
13-14,850,1,ROTHSAY PUBLIC SCHOOL DISTRICT     ,84,4,4,166666.6667,60000,0,60000,35507
13-14,852,1,CAMPBELL-TINTAH PUBLIC SCHOOL DIST.,84,4,4,81000,0,0,0,39761
13-14,857,1,LEWISTON-ALTURA PUBLIC SCHOOL DIST.,85,10,10,84444.44444,81000,0,78000,47424
13-14,858,1,ST. CHARLES PUBLIC SCHOOL DISTRICT ,85,10,10,112000,87864.07767,0,0,53179
13-14,861,1,WINONA AREA PUBLIC SCHOOL DISTRICT ,85,10,10,141500,104135,99719,90148.25,53274
13-14,870,52,SOUTHERN MINN. SPECIAL SERVICE COOP,22,9,9,0,0,0,0,0
13-14,876,1,ANNANDALE PUBLIC SCHOOL DISTRICT   ,86,7,07W,102500,107000,104850,102300,51896
13-14,877,1,BUFFALO-HANOVER-MONTROSE PUBLIC SCH,86,7,07W,166210,130442,123972,118975.3333,54978
13-14,879,1,DELANO PUBLIC SCHOOL DISTRICT      ,86,7,07W,116000,95273,97322,104443,51592
13-14,881,1,MAPLE LAKE PUBLIC SCHOOL DISTRICT  ,86,7,07W,133788,84164,0,101669,48716
13-14,882,1,MONTICELLO PUBLIC SCHOOL DISTRICT  ,86,7,07W,150000,113720,108871,104231.3333,56532
13-14,883,1,ROCKFORD PUBLIC SCHOOL DISTRICT    ,86,7,07W,141100,92082,82082,86844,47205
13-14,885,1,ST. MICHAEL-ALBERTVILLE SCHOOL DIST,86,7,07W,155000,111220,108873.5,106067,54522
13-14,891,1,CANBY PUBLIC SCHOOL DISTRICT       ,87,6,06W,105000,88807,0,75000,42191
13-14,911,1,CAMBRIDGE-ISANTI PUBLIC SCHOOL DIST,30,7,07E,0,112681,103103.5,100015,48608
13-14,912,1,MILACA PUBLIC SCHOOL DISTRICT      ,48,7,07E,125000,95437,0,95437,49907
13-14,914,1,ULEN-HITTERDAL PUBLIC SCHOOL DIST  ,14,4,4,58406.0241,88128,0,88128,42723
13-14,915,52,SOUTHERN PLAINS EDUCATION COOP.    ,46,9,9,0,0,0,0,50688
13-14,916,6,NORTHEAST METRO 916                ,62,11,11,176712,0,0,0,54395
13-14,917,6,INTERMEDIATE SCHOOL DISTRICT 917   ,19,11,11,167639,0,0,0,56012
13-14,919,51,NORTH COUNTRY VOC. COOP. CTR.      ,4,1,2,0,0,0,0,0
13-14,920,83,REGION 11-METRO EDUC. SERVICE UNIT ,27,11,11,0,0,0,0,0
13-14,921,83,REGION 10-SOUTHEAST SERVICE COOP   ,55,10,10,0,0,0,0,0
13-14,922,83,REGION 9-SOUTH CENTRAL SERVICE COOP,7,9,9,0,0,0,0,0
13-14,923,83,REGION 7-RESOURCE TRNG AND SOLUTION,73,7,07W,0,0,0,0,0
13-14,924,83,REGION 5-NATIONAL JOINT POWERS     ,77,5,5,0,0,0,0,90035
13-14,926,83,REGION 4-LAKES COUNTRY SERVICE COOP,56,4,4,150325,0,0,0,38195
13-14,927,83,REGION 3 - NORTHEAST SERVICE COOP  ,69,3,3,0,0,0,0,0
13-14,928,83,REGION 1 AND 2-NORTHWEST SVC. COOP ,57,1,1,0,0,0,0,0
13-14,931,51,N CARLTON COOPERATIVE VOCATIONAL   ,9,3,3,0,0,0,0,0
13-14,935,52,FERGUS FALLS AREA SP. ED. COOP.    ,56,4,4,0,0,0,0,45527
13-14,938,52,MEEKER AND WRIGHT SPECIAL EDUCATION,86,6,07W,0,0,0,0,47853
13-14,957,51,OAK LAND VOCATIONAL COOPERATVE     ,30,7,07E,0,0,0,0,43778
13-14,963,51,EAST RANGE SEC. TECHNICAL CENTER   ,69,3,3,0,0,0,0,0
13-14,966,51,WRIGHT TECHNICAL CENTER            ,86,7,07W,0,0,0,0,48853
13-14,978,52,MINNESOTA VALLEY COOPERATIVE       ,87,6,06W,0,0,0,0,0
13-14,985,51,PINE TO PRAIRIE COOPERATIVE CTR.   ,63,1,1,0,0,0,0,0
13-14,991,83,REGN 6 AND 8-SW/WC SRV COOPERATIVE ,42,6,8,0,0,0,0,44432
13-14,997,52,AREA SPECIAL EDUCATION COOPERATIVE ,63,1,1,0,0,0,0,0
13-14,998,52,BEMIDJI REGIONAL INTERDIST. COUNCIL,4,1,2,0,0,0,0,58617
13-14,999,75,HARBOR SHELTER & COUNSELING CTR SO.,0,0,11,0,0,0,0,0
13-14,1000,70,PERPICH CENTER FOR ARTS EDUCATION  ,27,11,11,0,84042,0,0,61534
13-14,1100,60,MINNESOTA DEPARTMENT OF CORRECTIONS,62,11,11,0,0,0,0,0
13-14,2071,1,LAKE CRYSTAL-WELLCOME MEMORIAL     ,7,9,9,118000,0,0,81000,41859
13-14,2125,1,TRITON SCHOOL DISTRICT             ,20,10,10,0,90232,79040,79040,45297
13-14,2134,1,UNITED SOUTH CENTRAL SCHOOL DIST.  ,22,9,9,135714.2857,83107,0,84812,50338
13-14,2135,1,MAPLE RIVER SCHOOL DISTRICT        ,7,9,9,117300,100554,100554,100177,50445
13-14,2137,1,KINGSLAND PUBLIC SCHOOL DISTRICT   ,23,10,10,108500,83344,79449,79449,48948
13-14,2142,1,ST. LOUIS COUNTY SCHOOL DISTRICT   ,69,3,3,100000,89005,0,89005,47680
13-14,2143,1,WATERVILLE-ELYSIAN-MORRISTOWN      ,40,9,9,126427,92769.5,0,72675.5,46530
13-14,2144,1,CHISAGO LAKES SCHOOL DISTRICT      ,13,7,07E,132000,118695,101911,94439,54242
13-14,2149,1,MINNEWASKA SCHOOL DISTRICT         ,61,4,4,117500,88189,88189,83000,53011
13-14,2154,1,EVELETH-GILBERT SCHOOL DISTRICT    ,69,3,3,98400,87017.5,0,79835,47583
13-14,2155,1,WADENA-DEER CREEK SCHOOL DISTRICT  ,80,5,5,128000,90000,0,92465,50876
13-14,2159,1,BUFFALO LK-HECTOR-STEWART PUBLIC SC,65,6,06E,92000,77250,0,0,44151
13-14,2164,1,DILWORTH-GLYNDON-FELTON            ,14,4,4,109500,72000,92750,90163,49581
13-14,2165,1,HINCKLEY-FINLAYSON SCHOOL DISTRICT ,58,7,07E,104000,84000,0,83000,49908
13-14,2167,1,LAKEVIEW SCHOOL DISTRICT           ,42,6,8,95500,65500,0,0,45858
13-14,2168,1,NRHEG SCHOOL DISTRICT              ,81,9,9,106000,89500,0,81300,46107
13-14,2169,1,MURRAY COUNTY CENTRAL SCHOOL DIST. ,51,6,8,0,81600,0,76000,40102
13-14,2170,1,STAPLES-MOTLEY SCHOOL DISTRICT     ,77,5,5,113627,92058,93711,87428,46213
13-14,2171,1,KITTSON CENTRAL SCHOOL DISTRICT    ,35,1,1,97979.79798,97979.79798,0,97979.79798,44825
13-14,2172,1,KENYON-WANAMINGO SCHOOL DISTRICT   ,25,10,10,130620,95588,78166,78166,42688
13-14,2174,1,PINE RIVER-BACKUS SCHOOL DISTRICT  ,11,5,5,105342,87497,0,76000,47725
13-14,2176,1,WARREN-ALVARADO-OSLO SCHOOL DIST.  ,45,1,1,104000,84975,0,82400,45498
13-14,2180,1,M.A.C.C.R.A.Y. SCHOOL DISTRICT     ,12,6,06W,0,80375,0,75225,44491
13-14,2184,1,LUVERNE PUBLIC SCHOOL DISTRICT     ,67,6,8,108180,89000,89000,86977,47853
13-14,2190,1,YELLOW MEDICINE EAST               ,87,6,06W,111575,92000,92000,75400,50814
13-14,2198,1,FILLMORE CENTRAL                   ,23,10,10,102000,55000,0,55000,42064
13-14,2215,1,NORMAN COUNTY EAST SCHOOL DISTRICT ,54,1,1,115000,0,0,0,43820
13-14,2310,1,SIBLEY EAST SCHOOL DISTRICT        ,72,9,9,115000,90353,0,100145,45553
13-14,2311,1,CLEARBROOK-GONVICK SCHOOL DISTRICT ,15,1,2,103968,88000,0,0,39319
13-14,2342,1,WEST CENTRAL AREA                  ,26,4,4,99809,87500,0,80136.13861,47693
13-14,2358,1,TRI-COUNTY SCHOOL DISTRICT         ,35,1,1,117000,92500,0,92500,49959
13-14,2364,1,BELGRADE-BROOTEN-ELROSA SCHOOL DIST,73,7,07W,96500,96500,0,82000,50776
13-14,2365,1,G.F.W.                             ,72,9,9,105000,82000,73000,105000,41993
13-14,2396,1,A.C.G.C. PUBLIC SCHOOL DISTRICT    ,47,6,06E,99128,99128,0,78027,48289
13-14,2397,1,LE SUEUR-HENDERSON SCHOOL DISTRICT ,40,9,9,111100,98104,0,91583.5,42261
13-14,2448,1,MARTIN COUNTY WEST SCHOOL DISTRICT ,46,9,9,99783,92902,0,93840.5,47293
13-14,2527,1,NORMAN COUNTY WEST SCHOOL DISTRICT ,54,1,1,124000,75000,0,75000,41232
13-14,2534,1,BIRD ISLAND-OLIVIA-LAKE LILLIAN    ,65,6,06E,100000,55000,0,77500,41591
13-14,2536,1,GRANADA HUNTLEY-EAST CHAIN         ,46,9,9,85000,0,0,0,45036
13-14,2580,1,EAST CENTRAL SCHOOL DISTRICT       ,58,7,07E,103000,65768,0,75500,45976
13-14,2609,1,WIN-E-MAC SCHOOL DISTRICT          ,60,1,1,104000,85804,0,0,46194
13-14,2683,1,GREENBUSH-MIDDLE RIVER SCHOOL DIST.,68,1,1,0,0,72000,72000,52519
13-14,2687,1,HOWARD LAKE-WAVERLY-WINSTED        ,86,7,07W,107250,67808,67808,67603,42663
13-14,2689,1,PIPESTONE AREA SCHOOL DISTRICT     ,59,6,8,97000,82000,82000,69171.71717,52048
13-14,2711,1,MESABI EAST SCHOOL DISTRICT        ,69,3,3,105000,86475,0,77827,51689
13-14,2752,1,FAIRMONT AREA SCHOOL DISTRICT      ,46,9,9,125000,62941,0,84831.5,51687
13-14,2753,1,LONG PRAIRIE-GREY EAGLE SCHOOL DIST,77,5,5,119650,96315,0,96375,48476
13-14,2754,1,CEDAR MOUNTAIN SCHOOL DISTRICT     ,64,6,8,100125,70000,0,74668,39004
13-14,2759,1,EAGLE VALLEY PUBLIC SCHOOL DISTRICT,77,5,5,88140,88140,0,0,46317
13-14,2769,1,MORRIS AREA PUBLIC SCHOOLS         ,75,1,4,102200,90904,0,90904,47014
13-14,2805,1,ZUMBROTA-MAZEPPA SCHOOL DISTRICT   ,79,10,10,111650,97124,0,92364,53099
13-14,2835,1,JANESVILLE-WALDORF-PEMBERTON       ,81,9,9,105000,74880,0,72000,39639
13-14,2853,1,LAC QUI PARLE VALLEY SCHOOL DIST.  ,37,6,06W,67697,60171,0,64287,46047
13-14,2854,1,ADA-BORUP PUBLIC SCHOOL DISTRICT   ,54,1,1,108000,108000,0,75000,45537
13-14,2856,1,STEPHEN-ARGYLE CENTRAL SCHOOLS     ,45,1,1,131000,93786,0,0,47952
13-14,2859,1,GLENCOE-SILVER LAKE SCHOOL DISTRICT,43,6,06E,132700,102740,0,94353,51400
13-14,2860,1,BLUE EARTH AREA PUBLIC SCHOOL      ,22,9,9,118500,89000,87000,87000,46141
13-14,2884,1,RED ROCK CENTRAL SCHOOL DISTRICT   ,17,6,8,88618,65000,0,0,46232
13-14,2886,1,GLENVILLE-EMMONS SCHOOL DISTRICT   ,24,10,10,0,84000,0,84000,40731
13-14,2888,1,CLINTON-GRACEVILLE-BEARDSLEY       ,6,6,06W,70149.25373,68219,0,68219,46228
13-14,2889,1,LAKE PARK AUDUBON SCHOOL DISTRICT  ,3,4,4,101950,80810,0,78579,38638
13-14,2890,1,RENVILLE COUNTY WEST SCHOOL DIST.  ,65,6,06E,0,67025,0,67025,48045
13-14,2895,1,JACKSON COUNTY CENTRAL SCHOOL DIST.,32,6,8,114875,92674,91444,82000,53241
13-14,2897,1,REDWOOD AREA SCHOOL DISTRICT       ,64,6,8,119900,82371.46465,88399.46465,82371.46465,46206
13-14,2898,1,WESTBROOK-WALNUT GROVE SCHOOLS     ,17,6,8,100000,89711,0,78588,45965
13-14,2899,1,PLAINVIEW-ELGIN-MILLVILLE          ,79,10,10,107000,82279.5,0,60000,48578
13-14,2902,1,RTR PUBLIC SCHOOLS                 ,41,6,8,148658.209,0,0,0,39344
13-14,2903,1,ORTONVILLE PUBLIC SCHOOLS          ,6,6,06W,110500,102250,0,102250,47766
13-14,2904,1,TRACY AREA PUBLIC SCHOOL DISTRICT  ,42,6,8,102000,66474,0,89116,42596
13-14,2905,1,TRI-CITY UNITED SCHOOL DISTRICT    ,40,9,9,126500,84709.5,0,77889.66667,42066
13-14,2906,1,RED LAKE COUNTY CENTRAL PUBLIC SCH ,63,1,1,114225,90640,0,61800,41267
13-14,2907,1,ROUND LAKE-BREWSTER PUBLIC SCHOOLS ,53,4,8,110000,0,0,110000,50451
13-14,2908,1,BRANDON-EVANSVILLE PUBLIC SCHOOLS  ,21,4,4,101010.101,67045,0,101010.101,42799
13-14,4000,7,CITY ACADEMY                       ,62,11,11,78181.81818,62351.59285,0,0,51581
13-14,4001,7,BLUFFVIEW MONTESSORI               ,85,10,10,0,0,0,0,28979
13-14,4003,7,"NEW HEIGHTS SCHOOL, INC.           ",82,11,11,80601,0,0,0,33252
13-14,4004,7,CEDAR RIVERSIDE COMMUNITY SCHOOL   ,27,11,11,82400,0,0,0,36093
13-14,4005,7,METRO DEAF SCHOOL                  ,62,11,11,0,0,0,0,60243
13-14,4007,7,MINNESOTA NEW COUNTRY SCHOOL       ,72,9,9,0,0,0,0,44234
13-14,4008,7,PACT CHARTER SCHOOL                ,2,11,11,97000,0,0,0,42240
13-14,4011,7,ATHLOS LEADERSHIP ACADEMY          ,27,11,11,0,0,0,105000,43113
13-14,4015,7,COMMUNITY OF PEACE ACADEMY         ,62,11,11,0,87413,0,88010,42159
13-14,4016,7,WORLD LEARNER CHARTER SCHOOL       ,10,11,11,0,0,0,95717,45590
13-14,4017,7,MINNESOTA TRANSITIONS CHARTER SCH  ,27,11,11,0,91500,0,0,43144
13-14,4018,7,ACHIEVE LANGUAGE ACADEMY           ,62,11,11,0,0,0,0,47399
13-14,4020,7,DULUTH PUBLIC SCHOOLS ACADEMY      ,69,3,3,0,0,0,0,38834
13-14,4025,7,CYBER VILLAGE ACADEMY              ,62,11,11,0,0,0,0,40573
13-14,4026,7,E.C.H.O. CHARTER SCHOOL            ,87,6,06W,0,0,0,0,30680
13-14,4027,7,HIGHER GROUND ACADEMY              ,62,11,11,0,0,0,134500,41812
13-14,4029,7,ST. PAUL CITY SCHOOL               ,62,11,11,94531,0,0,0,35060
13-14,4030,7,ODYSSEY ACADEMY                    ,27,11,11,0,0,0,0,37345
13-14,4031,7,JENNINGS COMMUNITY LEARNING CENTER ,62,11,11,0,0,0,0,52708
13-14,4032,7,HARVEST PREPARATORY SCHOOL         ,27,11,11,0,0,0,136000,44738
13-14,4035,7,LIFE PREP                          ,62,11,11,0,0,0,93000,45235
13-14,4036,7,FACE TO FACE ACADEMY               ,62,11,11,0,0,0,0,45418
13-14,4038,7,SOJOURNER TRUTH ACADEMY            ,27,11,11,0,0,0,0,46483
13-14,4039,7,HIGH SCHOOL FOR RECORDING ARTS     ,62,11,11,0,0,0,0,44435
13-14,4042,7,TWIN CITIES ACADEMY                ,62,11,11,0,0,51025,0,40371
13-14,4043,7,MATH AND SCIENCE ACADEMY           ,82,11,11,0,0,0,0,48509
13-14,4049,7,NORTHWEST PASSAGE HIGH SCHOOL      ,2,11,11,0,0,0,0,43033
13-14,4050,7,LAFAYETTE PUBLIC CHARTER SCHOOL    ,52,9,9,0,0,0,0,36423
13-14,4053,7,NORTH LAKES ACADEMY                ,82,11,11,0,0,65367.64706,0,41552
13-14,4054,7,LACRESCENT MONTESSORI ACADEMY      ,28,10,10,0,0,0,0,32415
13-14,4055,7,NERSTRAND CHARTER SCHOOL           ,66,10,10,0,0,0,0,47374
13-14,4056,7,ROCHESTER OFF-CAMPUS CHARTER HIGH  ,55,10,10,0,0,0,0,44664
13-14,4057,7,EL COLEGIO CHARTER SCHOOL          ,27,11,11,0,0,0,0,42703
13-14,4058,7,SCHOOLCRAFT LEARNING COMMUNITY CHTR,4,1,2,0,0,0,0,41313
13-14,4059,7,CROSSLAKE COMMUNITY CHARTER SCHOOL ,18,5,5,80000,0,0,0,32612
13-14,4064,7,RIVERWAY LEARNING COMMUNITY CHTR   ,85,10,10,0,0,0,0,39354
13-14,4066,7,RIVERBEND ACADEMY                  ,7,9,9,0,0,0,0,36825
13-14,4067,7,AURORA CHARTER SCHOOL              ,27,11,11,0,0,0,0,43209
13-14,4068,7,EXCELL ACADEMY CHARTER             ,27,11,11,0,0,0,0,38795
13-14,4070,7,HOPE COMMUNITY ACADEMY             ,62,11,11,0,0,0,0,38439
13-14,4073,7,ACADEMIA CESAR CHAVEZ CHARTER SCH. ,62,11,11,0,0,0,85000,37773
13-14,4074,7,AFSA HIGH SCHOOL                   ,62,11,11,0,109000,0,0,40312
13-14,4075,7,AVALON SCHOOL                      ,62,11,11,0,0,0,0,48078
13-14,4077,7,TWIN CITIES INTERNATIONAL ELEM SCH.,27,11,11,0,0,0,0,47864
13-14,4078,7,MN INTERNATIONAL MIDDLE CHARTER    ,27,11,11,0,0,0,0,39529
13-14,4079,7,FRIENDSHIP ACDMY OF FINE ARTS CHTR.,27,11,11,0,0,0,0,35701
13-14,4080,7,PILLAGER AREA CHARTER SCHOOL       ,11,5,5,0,0,0,0,49594
13-14,4081,7,DISCOVERY PUBLIC SCHOOL FARIBAULT  ,66,10,10,0,0,0,0,41024
13-14,4082,7,BLUESKY CHARTER SCHOOL             ,62,11,11,0,0,0,0,48314
13-14,4083,7,RIDGEWAY COMMUNITY SCHOOL          ,85,10,10,0,0,0,0,27015
13-14,4084,7,NORTH SHORE COMMUNITY SCHOOL       ,69,3,3,0,0,0,73320,47464
13-14,4085,7,HARBOR CITY INTERNATIONAL CHARTER  ,69,3,3,0,0,0,0,43068
13-14,4086,7,WOODSON INSTITUTE FOR EXCELLENCE CH,27,11,11,0,0,0,0,37050
13-14,4087,7,SAGE ACADEMY CHARTER SCHOOL        ,27,11,11,0,64000,0,0,38471
13-14,4088,7,URBAN ACADEMY CHARTER SCHOOL       ,62,11,11,0,0,0,81000,41105
13-14,4089,7,NEW CITY SCHOOL                    ,27,11,11,0,0,0,0,39267
13-14,4090,7,PRAIRIE CREEK COMMUNITY SCHOOL     ,19,11,11,0,0,0,0,45393
13-14,4091,7,ARCADIA CHARTER SCHOOL             ,66,10,10,0,0,0,0,41368
13-14,4092,7,WATERSHED HIGH SCHOOL              ,27,11,11,0,66000,0,0,35750
13-14,4093,7,NEW CENTURY ACADEMY                ,43,6,06E,0,0,0,0,38560
13-14,4095,7,TRIO WOLF CREEK DISTANCE LEARNING  ,13,7,07E,0,0,0,0,40850
13-14,4097,7,"PARTNERSHIP ACADEMY, INC.          ",27,11,11,0,0,0,100456,44295
13-14,4098,7,NOVA CLASSICAL ACADEMY             ,62,11,11,0,110000,0,90000,44892
13-14,4100,7,GREAT EXPECTATIONS                 ,16,3,3,0,0,0,0,43915
13-14,4102,7,MINNESOTA INTERNSHIP CENTER        ,27,11,11,0,0,0,0,34668
13-14,4103,7,HMONG COLLEGE PREP ACADEMY         ,62,11,11,156163,0,0,0,40424
13-14,4104,7,PALADIN ACADEMY                    ,2,11,11,0,0,0,0,0
13-14,4105,7,GREAT RIVER SCHOOL                 ,62,11,11,0,0,0,0,47342
13-14,4106,7,TREKNORTH HIGH SCHOOL              ,4,1,2,0,0,0,0,39307
13-14,4107,7,VOYAGEURS EXPEDITIONARY            ,4,7,2,0,68320,0,0,41330
13-14,4110,7,MAIN STREET SCHOOL PERFORMING ARTS ,27,11,11,0,90203,0,0,38961
13-14,4111,7,AUGSBURG FAIRVIEW ACADEMY          ,27,11,11,0,0,0,0,48782
13-14,4112,7,ST PAUL CONSERVATORY PERFORMING ART,62,11,11,134278,99105,0,0,36915
13-14,4113,7,FRASER ACADEMY                     ,27,11,11,0,0,0,0,41823
13-14,4115,7,MINNEAPOLIS ACADEMY CHARTER SCHOOL ,27,11,11,0,0,0,0,47669
13-14,4116,7,LAKES INTERNATIONAL LANGUAGE ADMY  ,82,11,11,0,0,0,117000,40832
13-14,4118,7,KALEIDOSCOPE CHARTER SCHOOL        ,86,7,07W,0,0,0,71400,36397
13-14,4119,7,ACADEMIC ARTS HIGH SCHOOL          ,19,11,11,0,0,0,0,41223
13-14,4120,7,ST. CROIX PREPARATORY ACADEMY      ,82,11,11,0,0,86275,83230,46673
13-14,4121,7,UBAH MEDICAL ACADEMY CHARTER SCHOOL,27,11,11,0,0,0,0,43638
13-14,4122,7,EAGLE RIDGE ACADEMY CHARTER SCHOOL ,27,11,11,0,83130,0,75666,46032
13-14,4123,7,DAKOTA AREA COMMUNITY CHARTER SCH  ,85,10,10,0,0,0,0,27267
13-14,4124,7,BEACON ACADEMY                     ,27,11,11,0,0,0,98747,36898
13-14,4126,7,PRAIRIE SEEDS ACADEMY              ,27,11,11,0,0,0,0,36841
13-14,4127,7,TEAM ACADEMY                       ,81,9,9,67600,0,0,0,35705
13-14,4131,7,METRO SCHOOLS CHARTER              ,27,11,11,0,130000,0,0,39364
13-14,4132,7,TWIN CITIES ACADEMY HIGH SCHOOL    ,62,11,11,0,51025,0,0,48966
13-14,4133,7,BEACON PREPARATORY SCHOOL          ,27,11,11,0,0,0,0,43244
13-14,4135,7,ROCHESTER MATH AND SCIENCE ACADEMY ,55,11,10,0,0,0,0,35118
13-14,4137,7,SWAN RIVER MONTESSORI CHARTER SCH  ,86,7,07W,0,0,0,0,50092
13-14,4138,7,MILROY AREA CHARTER SCHOOL         ,64,6,8,0,0,0,45000,32380
13-14,4139,7,LOVEWORKS ACADEMY FOR ARTS         ,27,11,11,0,0,0,0,36987
13-14,4140,7,YINGHUA ACADEMY                    ,27,11,11,0,0,0,0,41978
13-14,4141,7,PAIDEIA ACADEMY CHARTER SCHOOL     ,19,11,11,0,0,0,0,35812
13-14,4142,7,STRIDE ACADEMY CHARTER SCHOOL      ,73,7,07W,85057.47126,0,68000,62000,33196
13-14,4143,7,NEW MILLENNIUM ACADEMY CHARTER SCH ,27,11,11,0,0,0,0,38346
13-14,4144,7,GREEN ISLE COMMUNITY SCHOOL        ,72,9,9,0,0,0,0,39658
13-14,4145,7,BIRCH GROVE COMMUNITY SCHOOL       ,16,3,3,0,0,0,0,34727
13-14,4146,7,NORTHERN LIGHTS COMMUNITY SCHOOL   ,31,3,3,0,0,0,0,41561
13-14,4150,7,MINNESOTA ONLINE HIGH SCHOOL       ,27,11,11,0,0,0,0,38005
13-14,4151,7,EDVISIONS OFF CAMPUS SCHOOL        ,40,9,9,0,0,0,0,51397
13-14,4152,7,TWIN CITIES GERMAN IMMERSION CHRTR ,62,11,11,0,0,0,85000,39430
13-14,4153,7,DUGSI ACADEMY                      ,62,11,11,0,0,0,0,34150
13-14,4155,7,NAYTAHWAUSH COMMUNITY SCHOOL       ,44,1,2,0,0,0,89450,41886
13-14,4159,7,SEVEN HILLS CLASSICAL ACADEMY      ,62,11,11,87550,0,0,0,42880
13-14,4160,7,SPECTRUM HIGH SCHOOL               ,27,11,11,0,0,0,0,37800
13-14,4161,7,NEW DISCOVERIES MONTESSORI ACADEMY ,43,6,06E,95950,0,0,0,34766
13-14,4162,7,SOUTHSIDE FAMILY CHARTER SCHOOL    ,27,11,11,0,0,0,0,38480
13-14,4163,7,LEARNING FOR LEADERSHIP CHARTER    ,27,11,11,0,0,0,0,38310
13-14,4164,7,LAURA JEFFREY ACADEMY CHARTER      ,62,11,11,0,0,0,0,38902
13-14,4166,7,EAST RANGE ACADEMY OF TECH-SCIENCE ,69,3,3,0,0,0,0,39638
13-14,4167,7,INTERNATIONAL SPANISH LANGUAGE ACAD,27,11,11,0,0,0,97335,43594
13-14,4168,7,GLACIAL HILLS ELEMENTARY           ,61,4,4,0,0,0,0,32515
13-14,4169,7,STONEBRIDGE COMMUNITY SCHOOL       ,27,11,11,0,0,0,0,39347
13-14,4170,7,HIAWATHA ACADEMIES                 ,27,11,11,0,0,0,0,43510
13-14,4171,7,NOBLE ACADEMY                      ,27,11,11,113299,0,0,58711,37610
13-14,4172,7,CLARKFIELD CHARTER SCHOOL          ,87,6,06W,0,0,0,0,29447
13-14,4173,7,METRO TECH ACADEMY                 ,27,11,11,0,0,0,0,0
13-14,4177,7,MINISINAAKWAANG LEADERSHIP ACADEMY ,1,3,3,0,0,0,0,38873
13-14,4178,7,LINCOLN INTERNATIONAL SCHOOL       ,27,11,11,0,70000,0,0,38968
13-14,4181,7,COMMUNITY SCHOOL OF EXCELLENCE     ,62,11,11,0,0,0,65700,40757
13-14,4183,7,LIONSGATE ACADEMY                  ,27,11,11,0,0,0,0,41964
13-14,4184,7,ASPEN ACADEMY                      ,70,11,11,0,0,0,92300,38348
13-14,4185,7,DAVINCI ACADEMY                    ,2,11,11,0,0,0,0,36263
13-14,4186,7,GLOBAL ACADEMY                     ,2,11,11,0,0,0,125000,47352
13-14,4187,7,NATURAL SCIENCE ACADEMY            ,62,11,11,0,0,0,0,34360
13-14,4188,7,COLOGNE ACADEMY                    ,10,11,11,0,0,0,75000,38424
13-14,4189,7,BRIGHT WATER ELEMENTARY            ,27,11,11,0,0,0,70000,36764
13-14,4190,7,RIVERS EDGE ACADEMY                ,62,11,11,0,0,0,0,38061
13-14,4191,7,KIPP MINNESOTA CHARTER SCHOOL      ,27,11,11,0,0,0,0,47337
13-14,4192,7,BEST ACADEMY                       ,27,11,11,0,0,0,0,41162
13-14,4193,7,COLLEGE PREPARATORY ELEMENTARY     ,62,11,11,0,0,0,0,41068
13-14,4194,7,CANNON RIVER STEM SCHOOL           ,66,10,10,0,0,0,0,41225
13-14,4195,7,OSHKI OGIMAAG CHARTER SCHOOL       ,16,3,3,0,0,0,0,39514
13-14,4198,7,DISCOVERY WOODS MONTESSORI SCHOOL  ,18,5,5,0,0,0,0,35470
13-14,4199,7,PARNASSUS PREPARATORY CHARTER SCH  ,27,11,11,0,0,0,75000,38086
13-14,4200,7,STEP ACADEMY CHARTER SCHOOL        ,19,11,11,0,0,0,0,34810
13-14,4201,7,CORNERSTONE MONTESSORI ELEMENTARY  ,62,11,11,0,0,0,0,45038
13-14,4203,7,MINNEAPOLIS COLLEGE PREPARATORY    ,27,11,11,0,0,0,0,42194
13-14,4204,7,ROCHESTER STEM ACADEMY             ,55,10,10,0,0,0,0,35812
13-14,4205,7,HENNEPIN ELEMENTARY SCHOOL         ,27,11,11,0,0,0,0,39991
13-14,4207,7,VERMILION COUNTRY SCHOOL           ,69,3,3,0,0,0,0,39764
13-14,4208,7,NASHA SHKOLA CHARTER SCHOOL        ,62,11,11,0,0,0,0,34931
13-14,4209,7,MASTERY SCHOOL                     ,27,11,11,0,0,0,14000,46741
13-14,4210,7,UPPER MISSISSIPPI ACADEMY          ,27,11,11,0,0,0,0,50701
13-14,4211,7,ARC4H ACADEMY                      ,0,11,   ,0,0,0,0,38812
13-14,4212,7,WEST SIDE SUMMIT CHARTER SCHOOL    ,62,11,11,0,0,0,0,41571
13-14,4213,7,PRODEO ACADEMY                     ,2,11,11,0,0,0,0,46137
13-14,4214,7,WEST CONCORD PUBLIC CHARTER SCHOOL ,20,10,10,0,0,0,66400,32001
13-14,4218,7,VENTURE ACADEMY                    ,27,11,11,0,0,0,0,47285
13-14,6003,50,EAST CENTRAL MN ED. CABLE COOP.    ,30,7,07E,0,0,0,0,0
13-14,6004,61,FRESHWATER ED. DIST.               ,77,5,5,109200,0,0,0,52266
13-14,6009,61,ST. CROIX RIVER EDUCATION DISTRICT ,13,7,07E,0,0,0,0,0
13-14,6012,61,ZUMBRO EDUCATION DISTRICT          ,55,10,10,0,0,0,0,50519
13-14,6013,61,HIAWATHA VALLEY ED. DISTRICT       ,85,10,10,0,0,0,0,48665
13-14,6014,61,RUNESTONE AREA ED. DISTRICT        ,21,4,4,0,0,0,0,39447
13-14,6018,61,MN RIVER VALLEY EDUCATION DISTRICT ,12,6,06W,0,0,0,0,51047
13-14,6022,61,CENTRAL LAKES EDUCATION DISTRICT   ,34,6,06E,0,0,0,0,0
13-14,6026,61,WEST CENTRAL EDUCATION DISTRICT    ,73,7,07W,0,0,0,0,50406
13-14,6027,61,MN VALLEY EDUCATION DISTRICT       ,52,9,9,217500,0,0,0,44733
13-14,6036,50,SOCRATES                           ,7,9,9,0,0,0,0,0
13-14,6040,50,LITTLE CROW TELE-MEDIA NETWORK     ,43,6,06E,0,0,0,0,0
13-14,6048,50,WASIOJA ED. TECHNOLOGY COOP.       ,20,10,10,0,0,0,0,0
13-14,6049,61,RIVER BEND EDUCATION DISTRICT      ,8,9,9,0,0,0,0,42701
13-14,6050,52,PAUL BUNYAN EDUCATION COOPERATIVE  ,18,0,5,0,0,0,0,0
13-14,6051,61,GOODHUE COUNTY EDUCATION DISTRICT  ,25,10,10,0,0,0,0,46569
13-14,6054,50,CENTRAL MN ED TELECOM SYSTEM       ,21,4,4,0,0,0,0,0
13-14,6067,62,EAST METRO INTEGRATION DISTRICT    ,62,11,11,0,0,0,0,0
13-14,6069,62,WEST METRO EDUCATION PROGRAM       ,27,11,11,97873.5,0,127985,0,55973
13-14,6070,50,ITASCA AREA SCHOOLS COLLABORATIVE  ,11,5,5,0,0,0,0,30995
13-14,6072,62,VALLEY CROSSING COMMUNITY SCHOOL   ,82,11,11,0,0,0,0,0
13-14,6074,50,CENTRAL MINNESOTA JT. POWERS DIST. ,73,7,07W,0,0,0,0,0
13-14,6076,50,NORTHLAND LEARNING CENTER          ,69,3,3,0,0,0,0,44794
13-14,6078,62,N.W.SUBURBAN INTEGRATION DISTRICT  ,27,11,11,0,0,0,0,0
13-14,6079,52,RUM RIVER SPECIAL EDUCATION COOP   ,30,7,07E,0,0,0,0,41408
13-14,6080,50,INFINITY:MINNESOTA  DIGITAL ACADEMY,11,3,3,0,0,0,0,9820
13-14,6081,50,SCOTT COUNTY SCHOOLS NETWORK (SCSN),70,11,11,0,0,0,0,0
13-14,6082,50,REDWOOD AREA TELECOM COOPERATIVE   ,64,6,8,0,0,0,0,0
13-14,6083,52,SOUTHERN MN EDUCATION CONSORTIUM   ,50,10,10,0,0,0,0,0
13-14,6085,50,NOBLES COUNTY INTG COLLABORATIVE   ,53,6,8,0,0,0,0,0
13-14,6087,50,SE MINNESOTA VIRTUAL ACADEMY(SEMVA),28,10,10,0,0,0,0,0
13-14,6088,50,SOUTHWEST METRO EDUCATIONAL COOP   ,70,11,11,143000,0,0,0,54247
13-14,6100,92,GOVERNOR'S WORKFORCE DEV COUNCIL   ,62,0,3,0,0,0,0,0
13-14,6101,92,MINNESOTA BOARD OF TEACHING        ,62,0,11,0,0,0,0,0
13-14,6102,92,MN STATE COLLEGES AND UNIVERSITIES ,62,0,   ,0,0,0,0,0
13-14,6103,92,PERPICH CENTER FOR ARTS EDUCATION  ,27,0,11,0,0,0,0,0
13-14,6104,92,MINNESOTA COUNCIL ON ECONOMIC EDUC ,62,0,   ,0,0,0,0,0
13-14,6105,92,MINNESOTA HIGHER EDUCATION SERVICES,62,0,   ,0,0,0,0,0
13-14,6106,92,MN HIGHER ED FACILITIES AUTHORITY  ,62,0,   ,0,0,0,0,0
13-14,6107,92,MINNESOTA INDIAN AFFAIRS COUNCIL   ,62,0,   ,0,0,0,0,0
13-14,6108,92,MINNESOTA INDIAN AFFAIRS COUNCIL   ,0,0,   ,0,0,0,0,0
13-14,6109,92,MINNESOTA PRIVATE COLLEGE COUNCIL  ,62,0,   ,0,0,0,0,0
13-14,6110,92,MN STATE COLLEGES BOARD OF TRUSTEES,62,0,   ,0,0,0,0,0
13-14,6111,92,PUBLIC EMPLOYESS RETIREMENT ASSOC  ,62,0,   ,0,0,0,0,0
13-14,6112,92,TEACHERS' RETIREMENT ASSOCIATION   ,62,0,   ,0,0,0,0,0
13-14,6113,92,UNIV OF MINNESOTA BOARD OF REGENTS ,27,0,   ,0,0,0,0,0
13-14,6114,92,MN COMMISSION ON NATL/COMM SERVICE ,27,0,11,0,0,0,0,0
13-14,6115,92,MINNESOTA STATE ACADEMIES          ,67,0,10,0,0,0,0,0
13-14,6116,92,EARLY LEARNING COUNCIL             ,0,0,   ,0,0,0,0,0
13-14,6117,92,GOVERNORS INTERAGENCY COORD COUNCIL,0,0,   ,0,0,0,0,0
13-14,6300,93,ASSOC OF METRO SCHOOL DISTRICTS    ,62,0,11,0,0,0,0,0
13-14,6301,93,FAMILY & CONSUMER SCIENCES IN ED   ,82,0,11,0,0,0,0,0
13-14,6302,93,SCHOOLS FOR EQUITY IN EDUCATION    ,0,0,11,0,0,0,0,0
13-14,6303,93,MECC                               ,27,0,11,0,0,0,0,0
13-14,6304,93,MENTAL HEALTH ASSOCIATION OF MN INC,62,0,   ,0,0,0,0,0
13-14,6305,93,MN ALLIANCE FOR ARTS IN EDUCATION  ,62,0,   ,0,0,0,0,0
13-14,6306,93,MN ASSOC ADMINSTRATORS STATE & FED ,0,0,4,0,0,0,0,0
13-14,6307,93,MN ASSOC OF ALTERNATIVE PROGRAMS   ,0,0,3,0,0,0,0,0
13-14,6308,93,MN ASSOC OF COLLEGES FOR TEACHER ED,69,0,3,0,0,0,0,0
13-14,6309,93,MN ASSOC FOR CONTINUING ADULT EDUC ,62,0,   ,0,0,0,0,0
13-14,6310,93,MN ASSOC FOR COUNSELING & DEVELOPMT,62,0,11,0,0,0,0,0
13-14,6311,93,MN ASSOC OF EDUCATIONAL OFFICE PROF,27,0,11,0,0,0,0,0
13-14,6312,93,MN ASSOC OF HONOR SOCIETIES (MAHS) ,62,0,   ,0,0,0,0,0
13-14,6313,93,MN ASSOC OF MIDDLE LEVEL EDUCATORS ,0,0,   ,0,0,0,0,0
13-14,6314,93,MN ASSOC FOR PUPIL TRANSPORTATION  ,0,0,   ,0,0,0,0,0
13-14,6315,93,MN ASSOC OF SCHOOL ADMINISTRATORS  ,0,0,   ,0,0,0,0,0
13-14,6316,93,MN ASSOC OF SCH BUSINESS OFFICIALS ,0,0,   ,0,0,0,0,0
13-14,6317,93,MN ASSOC OF SECONDAY SCH PRINCIPALS,0,0,   ,0,0,0,0,0
13-14,6318,93,MN ASSOC OF SCH PERSONNEL ADMIN    ,0,0,   ,0,0,0,0,0
13-14,6319,93,MN ASSOC CAREER & TECH ADMINISTRATR,0,0,   ,0,0,0,0,0
13-14,6320,93,MN ASSOC- SECRETARIES TO PRINCIPALS,0,0,   ,0,0,0,0,0
13-14,6321,93,MN ASSOC OF STUDENT COUNCILS (MASC),0,0,   ,0,0,0,0,0
13-14,6322,93,MN ASSOC - SUPERVISION & CURRICULUM,0,0,   ,0,0,0,0,0
13-14,6323,93,MN CAREER DEVELOPMENT ASSOCIATION  ,0,0,   ,0,0,0,0,0
13-14,6324,93,MN CATHOLIC EDUCATION ASSOCIATION  ,0,0,   ,0,0,0,0,0
13-14,6325,93,MN MARATHON FOR NONPUBLIC EDUCATION,0,0,   ,0,0,0,0,0
13-14,6326,93,MN SCHOOL PUBLIC RELATIONS ASSOC   ,0,0,   ,0,0,0,0,0
13-14,6327,93,MN COLL & UNIV CAREER SERVICES ASSC,0,0,   ,0,0,0,0,0
13-14,6328,93,MN COMMUNITY EDUCATION ASSOCIATION ,0,0,   ,0,0,0,0,0
13-14,6329,93,MN PARENTS TEACHERS & STUDENTS ASSC,62,0,11,0,0,0,0,0
13-14,6330,93,MN COUNCIL FOR THE GIFTED TALENTED ,27,0,   ,0,0,0,0,0
13-14,6331,93,MN COUNCIL FOR THE SOCIAL STUDIES  ,0,0,8,0,0,0,0,0
13-14,6332,93,MN COUNCIL TEACHERS OF MATHEMATICS ,0,0,   ,0,0,0,0,0
13-14,6333,93,MINNESOTA SERVICE COOPERATIVES     ,0,0,9,0,0,0,0,0
13-14,6334,93,EDUCATION MINNESOTA                ,62,0,11,0,0,0,0,0
13-14,6335,93,MN EDUCATIONAL MEDIA ORGANIZ (MEMO),62,0,11,0,0,0,0,0
13-14,6336,93,MN ELEMENTARY SCH PRINCIPALS ASSOC.,62,0,   ,0,0,0,0,0
13-14,6337,93,MN NONPUBLIC SCHOOL ACCREDITING ASC,62,0,11,0,0,0,0,0
13-14,6338,93,MINNESOTA NURSES ASSOCIATION       ,62,0,   ,0,0,0,0,0
13-14,6339,93,MINNESOTA READING ASSOCIATION      ,0,0,4,0,0,0,0,0
13-14,6340,93,MN RURAL EDUCATION ASSOCIATION MREA,0,0,   ,0,0,0,0,0
13-14,6341,93,MN SCHOOL BOARDS ASSOCIATION (MSBA),0,0,9,0,0,0,0,0
13-14,6342,93,MN SCHOOL COUNSELORS ASSOCIATION   ,0,0,   ,0,0,0,0,0
13-14,6343,93,MN SCIENCE TEACHERS ASSOCIATION    ,62,0,   ,0,0,0,0,0
13-14,6344,93,MINNESOTA STATE HIGH SCHOOL LEAGUE ,27,0,11,0,0,0,0,0
13-14,6345,93,MN TECH COLLEGE EXT ADMINISTRATORS ,0,0,   ,0,0,0,0,0
13-14,6346,93,MN TECHNOLOGY EDUCATION ASSOCIATION,0,0,11,0,0,0,0,0
13-14,6347,93,MN ASSOC FOR CAREER/TECH EDUCATION ,0,0,11,0,0,0,0,0
13-14,6348,93,NONPUBLIC EDUCATION COUNCIL (NEC)  ,0,0,   ,0,0,0,0,0
13-14,6349,93,RETIRED EDUCATORS ASSC OF MINNESOTA,0,0,   ,0,0,0,0,0
13-14,6350,93,SCHOOL NURSE ORGANIZATION OF MN    ,0,0,11,0,0,0,0,0
13-14,6351,93,TIES-TECH AND INFO EDUCATIONAL SRVS,62,0,11,0,0,0,0,0
13-14,6352,93,MINNESOTA SCHOOL FOOD SERVICE ASSN ,0,0,07W,0,0,0,0,0
13-14,6353,93,MN SCHOOL FOOD SRVC DIRECTORS ASSOC,27,0,11,0,0,0,0,0
13-14,6354,93,MN ADMINISTRATORS FOR SPECIAL EDUC ,62,0,11,0,0,0,0,0
13-14,6355,93,STUDENT SVC COALITION EFFECTIVE ED ,0,0,   ,0,0,0,0,0
13-14,6356,93,NTNL ASSN OF PARTNERS IN EDUCATION ,0,0,3,0,0,0,0,0
13-14,6357,93,NORTH CENTRAL ASSOCIATION          ,62,0,   ,0,0,0,0,0
13-14,6358,93,"MINNESOTA BUSINESS EDUCATORS, INC. ",0,0,10,0,0,0,0,0
13-14,6359,93,MINNESOTA KINDERGARTEN ASSOCIATION ,0,0,4,0,0,0,0,0
13-14,6360,93,MINNESOTA LITERACY COUNCIL         ,62,0,11,0,0,0,0,0
13-14,6361,93,MINNESOTA SCHOOL PSYCHOLOGISTS ASSC,0,0,NULL,0,0,0,0,0
13-14,6362,93,MINNESOTA YOUTH ADVISORY COUNCIL   ,62,0,11,0,0,0,0,0
13-14,6363,93,SCIMATH MINNESOTA                  ,62,0,11,0,0,0,0,0
13-14,6364,93,MINNESOTA INDEPENDENT SCHOOL FORUM ,62,0,   ,0,0,0,0,0
13-14,6365,93,MN ASSOCIATION OF CHARTER SCHOOLS  ,62,0,   ,0,0,0,0,0
13-14,6366,93,MN CNCL TEACHING LANGUAGES/CULTURES,62,0,11,0,0,0,0,0
13-14,6367,93,PARENTS UNITED FOR PUBLIC SCHOOLS  ,62,0,11,0,0,0,0,0
13-14,6368,93,MINNESOTA PTA                      ,62,0,   ,0,0,0,0,0
13-14,6369,93,LEARNING FORWARD MN                ,27,0,   ,0,0,0,0,0
13-14,6370,93,MINNESOTA READING ASSOCIATION      ,0,0,   ,0,0,0,0,0
13-14,6371,93,MN CENTER FOR READING RESEARCH     ,0,0,   ,0,0,0,0,0
13-14,6372,93,MINNESOTA HEAD START ASSOCIATION   ,69,0,3,0,0,0,0,0
13-14,6383,61,BENTON-STEARNS ED. DISTRICT        ,73,7,07W,0,0,0,0,54240
13-14,6979,61,MID STATE EDUCATION DISTRICT       ,49,5,5,0,0,0,0,46836
13-14,7000,84,ABILITY BUILDING CENTER            ,0,0,10,0,0,0,0,0
13-14,7001,84,AMERICAN INDIAN SCIENCE/ENG SOCIETY,0,0,   ,0,0,0,0,0
13-14,7002,84,ANOKA CTY COMMUNITY ACTION PROGRAMS,0,0,11,0,0,0,0,0
13-14,7003,84,ARC GREATER TWIN CITIES            ,0,0,   ,0,0,0,0,0
13-14,7004,84,ARC MIDSTATE                       ,0,0,07W,0,0,0,0,0
13-14,7005,84,ARROWHEAD ECONOMIC OPPORTUNITY AEOA,0,0,3,0,0,0,0,0
13-14,7006,84,CATHOLIC CHARITIES                 ,0,0,11,0,0,0,0,0
13-14,7007,84,CHILD CARE RESOURCE/REFERRAL INC   ,0,0,10,0,0,0,0,0
13-14,7008,84,"COMMUNITY ACTION COUNCIL, INC.     ",0,0,11,0,0,0,0,0
13-14,7009,84,COUNTIES                           ,0,0,11,0,0,0,0,0
13-14,7010,84,DULUTH HEAD START                  ,0,0,3,0,0,0,0,0
13-14,7011,84,"ELY COMMUNITY RESOURCE, INC.       ",0,0,   ,0,0,0,0,0
13-14,7012,84,FAMILYMEANS                        ,0,0,11,0,0,0,0,0
13-14,7013,84,FOND DU LAC RESERVATION            ,0,0,3,0,0,0,0,0
13-14,7014,84,FULL CIRCLE COMMUNITY INSTITUTE INC,0,0,NULL,0,0,0,0,0
13-14,7015,84,GRAND PORTAGE RESERV TRIBAL COUNCIL,0,0,   ,0,0,0,0,0
13-14,7016,84,GREATER MPLS COUNCIL OF CHURCHES   ,0,0,11,0,0,0,0,0
13-14,7017,84,HEARTLAND COMMUNITY ACTION AGENCY  ,0,0,06E,0,0,0,0,0
13-14,7018,84,INTER-COUNTY COMMUNITY COUNCIL     ,0,0,   ,0,0,0,0,0
13-14,7019,84,KOOTASCA COMMUNITY ACTION          ,0,0,3,0,0,0,0,0
13-14,7020,84,"LAKES AND PINES C.A.C., INC.       ",0,0,07E,0,0,0,0,0
13-14,7021,84,LAKES/PRAIRIES COMM ACTION PARTN   ,0,0,4,0,0,0,0,0
13-14,7022,84,LEECH LAKE BAND OF OJIBWE          ,0,0,5,0,0,0,0,0
13-14,7023,84,"MAHUBE COMMUNITY COUNCIL, INC.     ",0,0,   ,0,0,0,0,0
13-14,7024,84,MILLE LACS BAND OF OJIBWE          ,0,0,07E,0,0,0,0,0
13-14,7025,84,MINNEAPOLIS PARENT INFORMATION CTR ,0,0,11,0,0,0,0,0
13-14,7026,84,MN ASOC FOR CHILDRENS MENTAL HEALTH,0,0,11,0,0,0,0,0
13-14,7027,84,MINNESOTA VALLEY ACTION COUNCIL INC,0,0,9,0,0,0,0,0
13-14,7028,84,NORTHFIELD HOSPITAL                ,0,0,   ,0,0,0,0,0
13-14,7029,84,NORTHLAND AREA FAMILY SERVICE CTR  ,0,0,5,0,0,0,0,0
13-14,7030,84,"NORTHWEST COMMUNITY ACTION, INC.   ",0,0,1,0,0,0,0,0
13-14,7031,84,OPPORTUNITY NEIGHBORHOOD DEV. CORP.,0,0,11,0,0,0,0,0
13-14,7032,84,OTTER TAIL-WADENA COM ACTION COUNCL,0,0,4,0,0,0,0,0
13-14,7033,84,PACER CENTER                       ,0,0,11,0,0,0,0,0
13-14,7034,84,PACT 4 FAMILIES COLLABORATIVE      ,0,0,06E,0,0,0,0,0
13-14,7035,84,PARENTS IN COMMUNITY ACTION (PICA) ,0,0,11,0,0,0,0,0
13-14,7036,84,PILLAGER FAMILY COUNCIL            ,0,0,5,0,0,0,0,0
13-14,7037,84,PRAIRIE FIVE COMM ACTION COUNCIL   ,0,0,   ,0,0,0,0,0
13-14,7038,84,PROJECT SIGHT                      ,0,0,10,0,0,0,0,0
13-14,7039,84,"REACH-UP, INC.                     ",0,0,07W,0,0,0,0,0
13-14,7040,84,RED LAKE BAND OF CHIPPEWA INDIANS  ,0,0,   ,0,0,0,0,0
13-14,7041,84,"SCOTT-CARVER-DAKOTA CAP AGENCY, INC",0,0,11,0,0,0,0,0
13-14,7042,84,SEMCAC                             ,0,0,10,0,0,0,0,0
13-14,7043,84,SOUTHWESTERN MN OPPORTUNITY COUNCIL,0,0,8,0,0,0,0,0
13-14,7044,84,ST. PAUL AREA COUNCIL OF CHURCHES  ,0,0,11,0,0,0,0,0
13-14,7045,84,THE ARC OF MINNESOTA               ,0,0,   ,0,0,0,0,0
13-14,7046,84,THREE RIVERS COMMUNITY ACTION      ,0,0,10,0,0,0,0,0
13-14,7047,84,TRI-COUNTY COMMUNITY ACTION        ,0,0,5,0,0,0,0,0
13-14,7048,84,"TRI-VALLEY OPPORTUNITY COUNCIL, INC",0,0,1,0,0,0,0,0
13-14,7049,84,UPPER MIDWEST AMERICAN INDIAN CTR  ,0,0,11,0,0,0,0,0
13-14,7050,84,URBAN VENTURE LEADERSHIP FOUNDATION,0,0,11,0,0,0,0,0
13-14,7051,84,VSA ARTS OF MINNESOTA              ,27,0,11,0,0,0,0,0
13-14,7052,84,"WE WIN INSTITUTE, INC.             ",0,0,11,0,0,0,0,0
13-14,7053,84,WEST 7TH COMMUNITY CENTER          ,0,0,11,0,0,0,0,0
13-14,7054,84,WEST CENTRAL COMMUNITIES ACTION    ,0,0,4,0,0,0,0,0
13-14,7055,84,"WESTERN COMMUNITY ACTION, INC.     ",0,0,   ,0,0,0,0,0
13-14,7056,84,WHITE EARTH CHILD CARE             ,0,0,   ,0,0,0,0,0
13-14,7057,84,WRIGHT COUNTY COMMUNITY ACTION     ,0,0,07W,0,0,0,0,0
13-14,7058,84,YMCA DULUTH                        ,0,0,3,0,0,0,0,0
13-14,7059,84,YMCA OF METROPOLITAN MINNEAPOLIS   ,27,0,11,0,0,0,0,0
13-14,7060,84,YOUTHCARE                          ,0,0,   ,0,0,0,0,0
13-14,7061,84,MINNESOTA INDEPENDENT SCHOOL FORUM ,0,0,11,0,0,0,0,0
13-14,7062,84,DISCAPITADOS ABRIENDOSE CAMINOS    ,62,0,11,0,0,0,0,0
13-14,7063,84,THE BIG WOODS CLUB                 ,27,0,11,0,0,0,0,0
13-14,7064,84,NEIGHBORHOOD HOUSE                 ,0,0,11,0,0,0,0,0
13-14,7065,84,"LAO FAMILY COMMUNITY OF MN, INC.   ",0,0,11,0,0,0,0,0
13-14,7066,84,NAMI MINNESOTA                     ,62,0,   ,0,0,0,0,0
13-14,7069,84,SLAVIC COMMUNITY CENTER            ,62,0,11,0,0,0,0,0
13-14,7070,84,HMONG AMERICAN PARTNERSHIP         ,62,0,11,0,0,0,0,0
13-14,7071,84,SALUS UNIVERSITY                   ,0,0,NULL,0,0,0,0,0
13-14,7072,84,MN ORG OF ADOLESCENT PREGNANCY PREV,62,11,11,0,0,0,0,0
13-14,7073,84,AUTISM SOCIETY OF MINNESOTA        ,62,11,11,0,0,0,0,0
13-14,7074,84,NORTHWEST INDIAN OIC               ,4,1,2,0,0,0,0,0
13-14,7075,84,LIFESPAN                           ,62,11,11,0,0,0,0,0
13-14,7076,85,MOTT MACDONALD INC.                ,0,0,   ,0,0,0,0,0
13-14,7077,84,YOUTHRIVE                          ,62,11,11,0,0,0,0,0
13-14,7078,84,PLYMOUTH CHRISTIAN YOUTH CENTER    ,27,11,11,0,0,0,0,0
13-14,7079,84,BI-COUNTY COMMUNITY ACTION PROGRAM ,4,0,2,0,0,0,0,0
13-14,7080,84,BOIS FORTE RESERVATION TRIBAL COUNC,69,0,3,0,0,0,0,0
13-14,7081,84,RAMSEY ACTION PROGRAMS INC         ,62,0,11,0,0,0,0,0
13-14,7082,84,TRI-VALLEY OPPORTUNITY MIGRANT     ,60,0,1,0,0,0,0,0
13-14,7083,84,WEST CENTRAL MN COMMUNITIES ACTION ,26,0,4,0,0,0,0,0
13-14,7084,84,WHITE EARTH RESERVATION TRIBAL COUN,3,0,   ,0,0,0,0,0
13-14,7085,84,THINK SMALL                        ,62,11,11,0,0,0,0,0
13-14,7086,84,"THE CITY, INC.                     ",27,11,11,0,0,0,0,0
13-14,7087,84,CLUES                              ,62,11,11,0,0,0,0,0
13-14,7088,84,EAST SIDE NEIGHBORHOOD SERVICES    ,27,11,11,0,0,0,0,0
13-14,7089,84,SCIMATHMN                          ,62,11,11,0,0,0,0,0
13-14,7641,84,"UPSTREAM ARTS, INC.                ",27,0,11,0,0,0,0,0
13-14,7642,84,GREATER MINNEAPOLIS CRISIS NURSERY ,27,0,11,0,0,0,0,0
13-14,7643,84,NORTHSIDE ACHIEVEMENT ZONE         ,27,0,   ,0,0,0,0,0
13-14,7644,84,JOYCE BILINGUAL PRESCHOOL          ,27,0,11,0,0,0,0,0
13-14,7645,84,CARLTON CTY CHILDREN/FAMILY SERVS  ,9,0,3,0,0,0,0,0
13-14,7646,84,MINNESOTA WORKFORCE COUNCIL ASSOC  ,62,0,11,0,0,0,0,0
13-14,7647,84,UNITED CEREBRAL PALSY/INFINITEC    ,0,0,NULL,0,0,0,0,0
13-14,7648,84,"PEOPLE SERVING PEOPLE, INC. (PSP)  ",27,0,11,0,0,0,0,0
13-14,7649,84,YWCA OF MINNEAPOLIS                ,27,0,11,0,0,0,0,0
13-14,7650,84,LAKE AREA DISCOVERY CENTER         ,62,0,11,0,0,0,0,0
13-14,7651,84,FIRST CHILDREN'S FINANCE           ,27,0,   ,0,0,0,0,0
13-14,7652,84,LITERACY ACTION NETWORK            ,62,11,11,0,0,0,0,0
13-14,7653,84,GOODWILL EASTER SEALS MINNESOTA    ,62,0,11,0,0,0,0,0
13-14,7654,84,LAO ADVANCEMENT ORG OF AMERICA     ,27,0,11,0,0,0,0,0
13-14,7655,84,ROCHESTER AREA MATH&SCI PARTNERSHIP,0,0,   ,0,0,0,0,0
13-14,7656,84,THE DULUTH MODEL ORGANIZATION      ,69,0,3,0,0,0,0,0
13-14,7657,84,MINNESOTA SAFETY COUNCIL           ,62,0,   ,0,0,0,0,0
13-14,7658,84,ST. LOUIS COUNTY HEALTH/HUMAN SERVS,69,0,   ,0,0,0,0,0
13-14,7659,84,AUDUBON CENTER OF THE NORTH WOODS  ,27,0,   ,0,0,0,0,0
13-14,7660,84,FRASER                             ,27,0,11,0,0,0,0,0
13-14,7661,84,FRIENDS OF EDUCATION               ,0,0,   ,0,0,0,0,0
13-14,7662,84,GERMANIC-AMERICAN INSTITUTE        ,62,0,11,0,0,0,0,0
13-14,7663,84,INNOVATIVE QUALITY SCHOOLS         ,27,0,11,0,0,0,0,0
13-14,7664,84,MINNESOTA GUILD OF PUBLIC CHTR SCHS,0,0,11,0,0,0,0,0
13-14,7665,84,NOVATION EDUCATION OPPORTUNITIES   ,19,0,11,0,0,0,0,0
13-14,7666,84,ORDWAY CENTER FOR PERFORMING ARTS  ,62,0,11,0,0,0,0,0
13-14,7667,84,PILLSBURY UNITED COMMUNITIES       ,27,0,11,0,0,0,0,0
13-14,7668,84,PROJECT FOR PRIDE IN LIVING        ,27,0,11,0,0,0,0,0
13-14,7669,84,STUDENT ACHIEVEMENT MINNESOTA      ,27,0,   ,0,0,0,0,0
13-14,7670,84,VOLUNTEERS OF AMERICA - MINNESOTA  ,27,0,11,0,0,0,0,0
13-14,7671,84,WOLF RIDGE ENVIRONMENTAL LEARNING C,38,0,3,0,0,0,0,0
13-14,7672,84,"EDUCATION DEVELOMENT CENTER, INC.  ",0,0,NULL,0,0,0,0,0
13-14,7673,84,CENTER FOR ENGAGING AUTISM         ,27,0,11,0,0,0,0,0
13-14,7674,84,"OUTCOMES, INC.                     ",62,0,11,0,0,0,0,0
13-14,7675,84,NORTHWOOD CHILDREN'S FOUNDATION    ,0,0,3,0,0,0,0,0
13-14,7676,84,JEWISH FAMILY & CHILDREN'S SRV MPLS,27,0,   ,0,0,0,0,0
13-14,7677,84,CDI HEAD START - OTTER TAIL-WADENA ,56,0,4,0,0,0,0,0
13-14,7678,84,PRAIRIE ISLAND INDIAN COMMUNITY    ,25,0,10,0,0,0,0,0
13-14,7679,84,HMONG CULTURAL CENTER              ,62,11,11,0,0,0,0,0
13-14,7680,84,SOMALI AMERICAN PARENT ASSOCIATION ,27,0,   ,0,0,0,0,0
13-14,7681,84,BUSINESS PROFESSIONALS OF AMERICA  ,19,0,11,0,0,0,0,0
13-14,7682,84,"MN ASSOC OF FAMILY, CAREER, COMM LD",62,0,   ,0,0,0,0,0
13-14,7683,84,MINNEAPOLIS URBAN LEAGUE           ,27,11,11,0,0,0,0,0
13-14,7684,84,WEST CENTRAL MN COMMUNITY ACTION IN,26,0,4,0,0,0,0,0
13-14,8000,88,SOUTHEAST LIBRARY SYSTEM           ,55,0,10,0,0,0,0,0
13-14,8001,89,SELCO SOUTHEASTERN LIBRARIES COOP  ,55,0,10,0,0,0,0,0
13-14,8002,88,RAMSEY COUNTY LAW LIBRARY          ,62,0,   ,0,0,0,0,0
13-14,8003,89,CARVER COUNTY LIBRARY              ,10,11,11,0,0,0,0,0
13-14,8004,86,MINITEX LIBRARY INFORMATION NETWORK,27,0,   ,0,0,0,0,0
13-14,8005,87,PHALEN LAKE HMONG STUDIES MAGNET   ,62,11,11,0,0,0,0,0
13-14,8006,89,PIONEERLAND LIBRARY SYSTEM         ,34,0,06E,0,0,0,0,0
13-14,8007,87,RACEC                              ,27,11,11,0,0,0,0,0
13-14,8008,89,ARROWHEAD LIBRARY SYSTEM           ,69,0,3,0,0,0,0,0
13-14,8009,89,MELSA                              ,62,0,   ,0,0,0,0,0
13-14,8010,88,CENTRAL MN LIBRARIES EXCHANGE(CMLE),73,0,   ,0,0,0,0,0
13-14,8011,88,METRONET                           ,62,0,   ,0,0,0,0,0
13-14,8012,88,NORTH COUNTRY LIBRARY COOPERATIVE  ,69,0,3,0,0,0,0,0
13-14,8013,88,NORTHERN LIGHTS LIBRARY NETWORK    ,3,0,4,0,0,0,0,0
13-14,8014,88,SOUTHCENTRAL MN INTER-LIBRARY EXCH ,7,0,   ,0,0,0,0,0
13-14,8015,88,SW AREA MULTI-COUNTY/TYPE INTER EXC,45,0,   ,0,0,0,0,0
13-14,8016,89,EAST CENTRAL REGIONAL LIBRARY      ,30,0,07E,0,0,0,0,0
13-14,8017,89,GREAT RIVER REGIONAL LIBRARY       ,73,0,07W,0,0,0,0,0
13-14,8018,89,KITCHIGAMI REGIONAL LIBRARY        ,11,0,5,0,0,0,0,0
13-14,8019,89,LAKE AGASSIZ REGIONAL LIBRARY      ,14,0,4,0,0,0,0,0
13-14,8020,89,NORTHWEST REGIONAL LIBRARY         ,57,0,1,0,0,0,0,0
13-14,8021,89,PLUM CREEK LIBRARY SYSTEM          ,53,0,8,0,0,0,0,0
13-14,8022,89,TRAVERSE DES SIOUX LIBRARY SYSTEM  ,7,0,   ,0,0,0,0,0
13-14,8023,89,VIKING LIBRARY SYSTEM              ,56,0,4,0,0,0,0,0
13-14,9053,38,ELKTON PUBLIC SCHOOL               ,0,0,   ,0,0,0,0,0
13-14,9056,38,DEUBROOK AREA PUBLIC SCHOOL        ,0,0,   ,0,0,0,0,0
13-14,9194,38,DEUEL PUBLIC SCHOOL                ,0,0,   ,0,0,0,0,0
13-14,9251,38,BIG STONE CITY PUBLIC SCHOOL       ,0,0,   ,0,0,0,0,0
13-14,9253,38,GRANT-DEUEL PUBLIC SCHOOL          ,0,0,   ,0,0,0,0,0
13-14,9254,38,MILBANK PUBLIC SCHOOL              ,0,0,   ,0,0,0,0,0
13-14,9492,38,BRANDON VALLEY PUBLIC SCHOOL       ,0,0,   ,0,0,0,0,0
13-14,9493,38,DELL RAPIDS PUBLIC SCHOOL          ,0,0,   ,0,0,0,0,0
13-14,9494,38,GARRETSON PUBLIC SCHOOL            ,0,0,   ,0,0,0,0,0
13-14,9503,38,FLANDREAU PUBLIC SCHOOL            ,0,0,   ,0,0,0,0,0
13-14,9542,38,SISSETON PUBLIC SCHOOL             ,0,0,   ,0,0,0,0,0
13-14,9544,38,ROSHOLT PUBLIC SCHOOL              ,0,0,   ,0,0,0,0,0
13-14,9547,38,WILMOT PUBLIC SCHOOL               ,0,0,   ,0,0,0,0,0
13-14, , ,STATEWIDE                          , , , ,119564,97023,106177,99986,54752
