SchYear,DistNumb,DistType,DistName,CountyNum,SvcCoopRgn,EconDevRgn,SuptAverageSalary,PRIN-HS-AvgSalary,PRIN-MDL-AvgSalary,PRIN-ELM-AvgSalary,TCHR-AvgSalary
14-15,1,1,AITKIN PUBLIC SCHOOL DISTRICT      ,1,3,3,95000,83000,0,70000,47091
14-15,1,3,MINNEAPOLIS PUBLIC SCHOOL DIST.    ,27,11,11,190000,126563.5714,115831,112122.5349,66922
14-15,1,26,TEACH FOR AMERICA                  ,27,0,   ,0,0,0,0,0
14-15,2,1,HILL CITY PUBLIC SCHOOL DISTRICT   ,1,3,3,71540.59406,71540.59406,71540.59406,71540.59406,50260
14-15,4,1,MCGREGOR PUBLIC SCHOOL DISTRICT    ,1,3,3,0,82000,0,0,43179
14-15,6,3,SOUTH ST. PAUL PUBLIC SCHOOL DIST. ,19,11,11,170825,124983,0,108862.5,59058
14-15,11,1,ANOKA-HENNEPIN PUBLIC SCHOOL DIST. ,2,11,11,180000,157511.0843,151237.1486,114819.5833,65843
14-15,12,1,CENTENNIAL PUBLIC SCHOOL DISTRICT  ,2,11,11,177500,131151,125824,118147,60578
14-15,13,1,COLUMBIA HEIGHTS PUBLIC SCHOOL DIST,2,11,11,161564,122058,110918,114508.6667,57129
14-15,14,1,FRIDLEY PUBLIC SCHOOL DISTRICT     ,2,11,11,155786,120811,116582,112354,58325
14-15,15,1,ST. FRANCIS PUBLIC SCHOOL DISTRICT ,2,11,11,130000,105829,103051,92807,64157
14-15,16,1,SPRING LAKE PARK PUBLIC SCHOOLS    ,2,11,11,188008,133000,0,129000,51956
14-15,16,75,SAFE HAVEN                         ,0,0,   ,0,0,0,0,0
14-15,22,1,DETROIT LAKES PUBLIC SCHOOL DIST.  ,3,4,4,147000,114644,114644,109835.5,50348
14-15,23,1,FRAZEE-VERGAS PUBLIC SCHOOL DIST.  ,3,4,4,107000,90859,0,80130,49204
14-15,25,1,PINE POINT PUBLIC SCHOOL DISTRICT  ,3,4,4,60510,0,0,60510,46522
14-15,28,75,BRIGHT HORIZONS                    ,0,0,   ,0,0,0,0,0
14-15,29,75,STEPS OF SUCCESS                   ,0,0,   ,0,0,0,0,0
14-15,30,75,TEENS IN TRANSITION                ,0,0,   ,0,0,0,0,0
14-15,31,1,BEMIDJI PUBLIC SCHOOL DISTRICT     ,4,1,2,150000,110367,108163,99766.80135,56634
14-15,31,75,WINONA YOUTH HOME                  ,0,0,   ,0,0,0,0,0
14-15,32,1,BLACKDUCK PUBLIC SCHOOL DISTRICT   ,4,1,2,92804,82500,0,92804,46701
14-15,32,75,STEPS OF SUCCESS HOMES             ,0,0,   ,0,0,0,0,0
14-15,33,75,JUVENILE DETENTION CENTER          ,0,0,   ,0,0,0,0,0
14-15,36,1,KELLIHER PUBLIC SCHOOL DISTRICT    ,4,1,2,94357,70040,0,70040,48697
14-15,38,1,RED LAKE PUBLIC SCHOOL DISTRICT    ,4,1,2,135000,0,92905,94391.66667,49997
14-15,47,1,SAUK RAPIDS-RICE PUBLIC SCHOOLS    ,5,7,07W,150947,121214,95909,94626.33333,54679
14-15,48,75,RED RIVER VALLEY (TRI COUNTY CTR)  ,0,0,   ,0,0,0,0,0
14-15,51,1,FOLEY PUBLIC SCHOOL DISTRICT       ,5,7,07W,126000,90000,0,103746,53388
14-15,75,1,ST. CLAIR PUBLIC SCHOOL DISTRICT   ,7,9,9,97334,88055,0,0,46182
14-15,77,1,MANKATO PUBLIC SCHOOL DISTRICT     ,7,9,9,153860,108662,0,99900.9,54027
14-15,81,1,COMFREY PUBLIC SCHOOL DISTRICT     ,8,9,9,63636.36364,63636.36364,0,63636.36364,41794
14-15,84,1,SLEEPY EYE PUBLIC SCHOOL DISTRICT  ,8,9,9,113664,92920,0,113664,45158
14-15,85,1,SPRINGFIELD PUBLIC SCHOOL DISTRICT ,8,9,9,105100,77500,0,79000,50700
14-15,88,1,NEW ULM PUBLIC SCHOOL DISTRICT     ,8,9,9,125000,101548.5,0,92921,47154
14-15,91,1,BARNUM PUBLIC SCHOOL DISTRICT      ,9,3,3,88000,81000,0,83232,53975
14-15,93,1,CARLTON PUBLIC SCHOOL DISTRICT     ,9,3,3,98000,72000,0,72000,44132
14-15,94,1,CLOQUET PUBLIC SCHOOL DISTRICT     ,9,3,3,105000,87740,80000,78275,59352
14-15,95,1,CROMWELL-WRIGHT PUBLIC SCHOOLS     ,9,3,3,0,65738,0,65738,44117
14-15,97,1,MOOSE LAKE PUBLIC SCHOOL DISTRICT  ,9,3,3,85615,75000,0,83450,52650
14-15,99,1,ESKO PUBLIC SCHOOL DISTRICT        ,9,3,3,116786,94871,0,87232,54383
14-15,100,1,WRENSHALL PUBLIC SCHOOL DISTRICT   ,9,3,3,93850,0,0,0,48616
14-15,101,75,ABBOTT - NORTHWEST CHILD'S CENTER  ,0,0,11,0,0,0,0,0
14-15,103,75,"AGAPE HALFWAY HOUSE, INC.          ",0,0,10,0,0,0,0,0
14-15,104,75,"ALTERNATIVE HOMES, INC.            ",0,0,11,0,0,0,0,0
14-15,105,75,ANOKA COUNTY JUVENILE DETENTION CTR,0,0,   ,0,0,0,0,0
14-15,106,75,ARC PARKVIEW                       ,0,0,11,0,0,0,0,0
14-15,107,75,ARCHDEACON GILFILLAN CENTER        ,0,0,2,0,0,0,0,0
14-15,108,1,CENTRAL PUBLIC SCHOOL DISTRICT     ,10,11,11,114769,90196,91548,87000,48244
14-15,109,75,BELLO NORTH HOME                   ,0,0,   ,0,0,0,0,0
14-15,110,1,WACONIA PUBLIC SCHOOL DISTRICT     ,10,11,11,142000,124034,92925,117307,55564
14-15,110,75,BOOTH BROWN HOUSE                  ,0,0,11,0,0,0,0,0
14-15,111,1,WATERTOWN-MAYER PUBLIC SCHOOL DIST.,10,11,11,60568,85000,91000,85000,49502
14-15,111,75,BOY'S TOTEM TOWN                   ,0,0,11,0,0,0,0,0
14-15,112,1,EASTERN CARVER COUNTY PUBLIC SCHOOL,10,11,11,189500,122503,119873.3333,107234,60268
14-15,112,75,BRAINERD REGIONAL HUMAN SERVICE CTR,0,0,5,0,0,0,0,0
14-15,113,1,WALKER-HACKENSACK-AKELEY SCHL. DIST,11,5,5,136000,92000,0,80000,48003
14-15,113,75,"BRIDGE FOR RUNAWAY YOUTH, INC.     ",0,0,11,0,0,0,0,0
14-15,115,1,CASS LAKE-BENA PUBLIC SCHOOLS      ,11,5,5,0,91474,94672,94672,50942
14-15,115,75,CAMBRIDGE REGIONAL HUMAN SERV. CEN.,0,0,   ,0,0,0,0,0
14-15,116,1,PILLAGER PUBLIC SCHOOL DISTRICT    ,11,5,5,126500,97631,97631,97631,48689
14-15,116,75,"CHAIN OF LAKES CD SERVICES, INC.   ",0,0,NULL,0,0,0,0,0
14-15,118,1,NORTHLAND COMMUNITY SCHOOLS        ,11,5,5,95550,102092,0,102092,49789
14-15,118,75,COURAGE RESIDENCE (THE)            ,0,0,11,0,0,0,0,0
14-15,119,75,CREST HOME                         ,0,0,10,0,0,0,0,0
14-15,121,75,"DAKOTA COUNTY RECEIVING CENTER, INC",0,0,11,0,0,0,0,0
14-15,122,75,"DAKOTA'S CHILDREN, INC.            ",0,0,11,0,0,0,0,0
14-15,123,75,DEMAR CHILDREN'S HOME              ,0,0,11,0,0,0,0,0
14-15,124,75,"EDEN REHAB/TREATMENT FACILITY, INC ",0,0,11,0,0,0,0,0
14-15,125,75,FAIRVIEW RECEIVING AND EVALUATION  ,0,0,11,0,0,0,0,0
14-15,126,75,FARIBAULT REGIONAL HUMAN SERV CTR  ,0,0,   ,0,0,0,0,0
14-15,128,75,FILLMORE PLACE                     ,0,0,10,0,0,0,0,0
14-15,129,1,MONTEVIDEO PUBLIC SCHOOL DISTRICT  ,12,6,06W,124536,114355,90403,98958,56374
14-15,130,75,FOUNTAIN LAKE TREATMENT CENTER     ,0,0,10,0,0,0,0,0
14-15,131,75,FRIENDSHIP HOUSE I                 ,0,0,11,0,0,0,0,0
14-15,132,75,FRONT STEPS                        ,0,0,11,0,0,0,0,0
14-15,133,75,GERARD TREATMENT PROGRAM           ,0,0,   ,0,0,0,0,0
14-15,134,75,GLENMORE TREATMENT CENTER          ,0,0,1,0,0,0,0,0
14-15,135,75,"HAMMER RESIDENCES, INC.            ",0,0,11,0,0,0,0,0
14-15,136,75,HARBOR SHELTER & COUNSELING CTR    ,0,0,11,0,0,0,0,0
14-15,138,1,NORTH BRANCH PUBLIC SCHOOLS        ,13,7,07E,147805,126470,119870,115470,52845
14-15,139,1,RUSH CITY PUBLIC SCHOOL DISTRICT   ,13,7,07E,95000,92000,0,92300,46170
14-15,139,75,HIAWATHA ADULT HOME                ,0,0,10,0,0,0,0,0
14-15,140,75,HIAWATHA CHILDREN'S HOME           ,0,0,10,0,0,0,0,0
14-15,141,75,HOME AWAY SHELTERS                 ,0,0,11,0,0,0,0,0
14-15,142,75,HOME FOR CREATIVE LIVING           ,0,0,8,0,0,0,0,0
14-15,143,75,HOMEWARD BOUND - NEW HOPE          ,0,0,11,0,0,0,0,0
14-15,145,75,HOUSTON COUNTY HOME - LACRESCENT   ,0,0,10,0,0,0,0,0
14-15,146,1,BARNESVILLE PUBLIC SCHOOL DIST.    ,14,4,4,97850,82500,0,65000,51510
14-15,146,75,INISFAIL HOME                      ,0,0,10,0,0,0,0,0
14-15,147,75,IRENE WHITNEY CENTER FOR RECOVERY  ,0,0,11,0,0,0,0,0
14-15,148,75,JAMESTOWN ADOLESCENT TREATMENT CTR ,0,0,11,0,0,0,0,0
14-15,149,75,JANE DICKMAN HOUSE                 ,0,0,11,0,0,0,0,0
14-15,150,1,HAWLEY PUBLIC SCHOOL DISTRICT      ,14,4,4,125000,100000,0,82534,57161
14-15,150,75,KINDLEHOPE                         ,0,0,06E,0,0,0,0,0
14-15,151,75,LAKE OWASSO CHILDREN'S HOME        ,0,0,11,0,0,0,0,0
14-15,152,1,MOORHEAD PUBLIC SCHOOL DISTRICT    ,14,4,4,161625,123889,101411,112857,54505
14-15,153,75,"LAKE REGION HALFWAY HOMES, INC.    ",0,0,4,0,0,0,0,0
14-15,155,75,LAKEVIEW SCHOOL                    ,0,0,   ,0,0,0,0,0
14-15,156,75,LAURA BAKER SCHOOL                 ,0,0,10,0,0,0,0,0
14-15,159,75,LITTLE SAND HOME                   ,0,0,   ,0,0,0,0,0
14-15,160,70,MINNESOTA STATE ACADEMIES          ,66,10,10,113294,0,0,0,58999
14-15,160,75,MANOR (THE)                        ,0,0,07E,0,0,0,0,0
14-15,161,75,MARY'S SHELTER                     ,0,0,11,0,0,0,0,0
14-15,162,1,BAGLEY PUBLIC SCHOOL DISTRICT      ,15,1,2,113000,90592,0,90592,52153
14-15,165,75,MISSION CARE CENTER                ,0,0,11,0,0,0,0,0
14-15,166,1,COOK COUNTY PUBLIC SCHOOLS         ,16,3,3,123995.1807,78000,78000,86000,51883
14-15,166,75,MOUNT OLIVET ROLLING ACRES         ,0,0,11,0,0,0,0,0
14-15,167,75,MURIEL HUMPHREY RESIDENCES         ,0,0,11,0,0,0,0,0
14-15,168,75,NELSON HOME                        ,0,0,   ,0,0,0,0,0
14-15,169,75,NEW BEGINNINGS AT WAVERLY          ,0,0,   ,0,0,0,0,0
14-15,170,75,"NEW BEGINNINGS HOME, INC           ",0,0,   ,0,0,0,0,0
14-15,171,75,NORTHWEST METRO CD CENTER          ,0,0,   ,0,0,0,0,0
14-15,172,75,NORTHWEST REGIONAL JUVENILE CTR    ,0,0,   ,0,0,0,0,0
14-15,173,1,MOUNTAIN LAKE PUBLIC SCHOOLS       ,17,6,8,102500,81110,0,78610,49007
14-15,173,75,NORTHWOOD CHILDREN'S HOME          ,0,0,   ,0,0,0,0,0
14-15,174,75,"OAKRIDGE HOMES OF WADENA, INC      ",0,0,   ,0,0,0,0,0
14-15,175,75,"OAKWOOD RESIDENCE, INC             ",0,0,11,0,0,0,0,0
14-15,177,1,WINDOM PUBLIC SCHOOL DISTRICT      ,17,6,8,104000,80000,0,84000,44894
14-15,178,75,PARK POINT MANOR                   ,0,0,3,0,0,0,0,0
14-15,179,75,PEOPLE'S CHILD CARE RESIDENCE      ,0,0,11,0,0,0,0,0
14-15,180,75,PETTIT CHILDREN'S HOME             ,0,0,07W,0,0,0,0,0
14-15,181,1,BRAINERD PUBLIC SCHOOL DISTRICT    ,18,5,5,160000,103500,99000,92026.66667,58108
14-15,181,75,"PINE MANOR, INC  #2                ",0,0,2,0,0,0,0,0
14-15,182,1,CROSBY-IRONTON PUBLIC SCHOOL DIST. ,18,5,5,100000,84644,0,86000,54114
14-15,182,75,PORT HOME I                        ,0,0,5,0,0,0,0,0
14-15,183,75,PORT REHABILITATION CENTER FOR CD  ,0,0,3,0,0,0,0,0
14-15,184,75,PROJECT INDEPENDENCE - RIDGEWOOD   ,0,0,8,0,0,0,0,0
14-15,185,75,"PROJECT NEW HOPE - 1,2,3,4,5       ",0,0,   ,0,0,0,0,0
14-15,186,1,PEQUOT LAKES PUBLIC SCHOOLS        ,18,5,5,124443,111293,77972,98961,51897
14-15,186,75,"RANGE CENTER, INC                  ",0,0,3,0,0,0,0,0
14-15,187,75,RED WING HEALTH CENTER             ,0,0,   ,0,0,0,0,0
14-15,191,1,BURNSVILLE PUBLIC SCHOOL DISTRICT  ,19,11,11,186800,130837.5,0,119920,62643
14-15,192,1,FARMINGTON PUBLIC SCHOOL DISTRICT  ,19,11,11,189000,111689.5,123723.5,117140.6,58082
14-15,194,1,LAKEVILLE PUBLIC SCHOOL DISTRICT   ,19,11,11,180000,139317,129408.6667,122067.25,65570
14-15,195,1,RANDOLPH PUBLIC SCHOOL DISTRICT    ,19,11,11,121731,89364,0,98800,46938
14-15,196,1,ROSEMOUNT-APPLE VALLEY-EAGAN       ,19,11,11,199757,141974.4,133036.1667,126491.6667,68505
14-15,197,1,WEST ST. PAUL-MENDOTA HTS.-EAGAN   ,19,11,11,173500,124873,112615.5,112579,59957
14-15,199,1,INVER GROVE HEIGHTS SCHOOLS        ,19,11,11,169500,149885.5422,0,111770.3333,61800
14-15,200,1,HASTINGS PUBLIC SCHOOL DISTRICT    ,19,11,11,160750,125523,115936,108868.6667,60982
14-15,203,1,HAYFIELD PUBLIC SCHOOL DISTRICT    ,20,10,10,110000,78000,0,83378,52674
14-15,204,1,KASSON-MANTORVILLE SCHOOL DISTRICT ,20,10,10,121300,73000,76000,95000,50960
14-15,206,1,ALEXANDRIA PUBLIC SCHOOL DISTRICT  ,21,4,4,148050,107225.5,108105,100953.6035,54584
14-15,213,1,OSAKIS PUBLIC SCHOOL DISTRICT      ,21,4,4,105000,99025,0,93905,51424
14-15,213,75,RESIDENTIAL SERVICES - DULUTH      ,0,0,3,0,0,0,0,0
14-15,214,75,SERENITY MANOR                     ,0,0,07E,0,0,0,0,0
14-15,215,75,SHERBURNE HOUSE                    ,0,0,11,0,0,0,0,0
14-15,216,75,SHERIFFS YOUTH PROGRAM OF AUSTIN   ,0,0,   ,0,0,0,0,0
14-15,217,75,SHERIFFS YOUTH PROGRAM OF ISANTI   ,0,0,   ,0,0,0,0,0
14-15,218,75,SHINGLE CREEK OPTION               ,0,0,11,0,0,0,0,0
14-15,219,75,SOUTH CENTER MANOR                 ,0,0,07E,0,0,0,0,0
14-15,220,75,ST. CLOUD CHILDREN'S HOME          ,0,0,   ,0,0,0,0,0
14-15,221,75,ST. CROIX CAMPS I & II             ,0,0,   ,0,0,0,0,0
14-15,222,75,ST. JOSEPH'S HOME FOR CHILDREN     ,0,0,11,0,0,0,0,0
14-15,224,75,THISTLEDEW CAMP                    ,0,0,   ,0,0,0,0,0
14-15,225,75,"TREVILLA OF ROBBINSDALE, INC       ",0,0,11,0,0,0,0,0
14-15,226,75,TWENTY TWENTY ADOLESCENT RECEIVE CT,0,0,11,0,0,0,0,0
14-15,227,1,CHATFIELD PUBLIC SCHOOLS           ,55,10,10,109204,115220,0,109729,49887
14-15,227,75,TWIN TOWN TREATMENT CENTER         ,0,0,11,0,0,0,0,0
14-15,228,75,VASA LUTHERAN HOME FOR CHILDREN    ,0,0,10,0,0,0,0,0
14-15,229,1,LANESBORO PUBLIC SCHOOL DISTRICT   ,23,10,10,109418.4466,94423,0,84063.36634,50841
14-15,229,75,WAY 12 HALFWAY HOUSE               ,0,0,11,0,0,0,0,0
14-15,230,75,"WAYSIDE HOUSE, INC                 ",0,0,11,0,0,0,0,0
14-15,231,75,"WEST HILLS LODGE, INC.             ",0,0,10,0,0,0,0,0
14-15,232,75,"WILDER JUVENILE HORIZONS, INC      ",0,0,11,0,0,0,0,0
14-15,233,75,WINNEBAGO ADOLESCENT TREATMENT CTR ,0,0,9,0,0,0,0,0
14-15,234,75,WOODLAND HILLS                     ,0,0,3,0,0,0,0,0
14-15,235,75,YOUNG PEOPLE'S RESIDENTIAL CENTER  ,0,0,3,0,0,0,0,0
14-15,236,75,MOOSE LAKE RGNL HUMAN SERVICE CTR  ,0,0,3,0,0,0,0,0
14-15,237,75,ARROWHEAD JUVENILE DETENTION CENTER,0,0,3,0,0,0,0,0
14-15,238,1,MABEL-CANTON PUBLIC SCHOOL DIST.   ,23,10,10,60000,0,0,0,47617
14-15,238,75,BUCKEYE MANOR                      ,0,0,10,0,0,0,0,0
14-15,239,1,RUSHFORD-PETERSON PUBLIC SCHOOLS   ,23,10,10,92000,82000,82000,82000,51328
14-15,239,75,DELLWOOD CENTER                    ,0,0,07E,0,0,0,0,0
14-15,240,75,DIVINE REDEEMER                    ,0,0,11,0,0,0,0,0
14-15,241,1,ALBERT LEA PUBLIC SCHOOL DISTRICT  ,24,10,10,130000,111283,105183,84578.25,53082
14-15,241,75,FAIRVIEW DEACONESS - ADOLESCENT    ,0,0,   ,0,0,0,0,0
14-15,242,1,ALDEN-CONGER PUBLIC SCHOOL DISTRICT,24,10,10,83200,0,0,83200,45455
14-15,242,75,GALLOWAY BOYS RANCH                ,0,0,   ,0,0,0,0,0
14-15,243,75,GREENBRIAR HOUSE                   ,0,0,11,0,0,0,0,0
14-15,244,75,ST. PETER REGIONAL HUMAN SERVICE CT,0,0,   ,0,0,0,0,0
14-15,245,75,JUEL FAIRBANKS                     ,0,0,11,0,0,0,0,0
14-15,246,50,CENTRAL MINNESOTA E.R.D.C.         ,5,7,07W,0,0,0,0,0
14-15,247,75,NEW CONNECTION                     ,0,0,11,0,0,0,0,0
14-15,248,75,NORTHWOOD WEST                     ,0,0,   ,0,0,0,0,0
14-15,249,75,RAMSEY JUVENILE DETENTION CENTER   ,0,0,11,0,0,0,0,0
14-15,250,75,RANGE TREATMENT CENTER             ,0,0,3,0,0,0,0,0
14-15,251,75,SIOUX VALLEY HOSPITAL              ,0,0,9,0,0,0,0,0
14-15,252,1,CANNON FALLS PUBLIC SCHOOL DISTRICT,25,10,10,95000,92436,0,81022,48282
14-15,252,75,ST. CLOUD HOSPITAL AND CD          ,0,0,07W,0,0,0,0,0
14-15,253,1,GOODHUE PUBLIC SCHOOL DISTRICT     ,25,10,10,100000,68000,0,74347,47917
14-15,253,75,ST. JOSEPH'S HOSPITAL              ,0,0,11,0,0,0,0,0
14-15,254,75,ST. MARY'S ADOLESCENT CD PROGRAM   ,0,0,11,0,0,0,0,0
14-15,255,1,PINE ISLAND PUBLIC SCHOOL DIST.    ,25,10,10,121025,102775,0,90000,48460
14-15,255,75,TEAM CENTER-FAIRVIEW TREATMENT CENT,0,0,11,0,0,0,0,0
14-15,256,1,RED WING PUBLIC SCHOOL DISTRICT    ,25,10,10,145728,117739,114404,105309,57048
14-15,256,75,WILLMAR REGIONAL HUMAN SERVICE CTR ,0,0,   ,0,0,0,0,0
14-15,257,75,ZUMBRO VALLEY CRISIS UNIT          ,0,0,10,0,0,0,0,0
14-15,260,75,VON WALD SHELTER                   ,0,0,10,0,0,0,0,0
14-15,261,1,ASHBY PUBLIC SCHOOL DISTRICT       ,26,4,4,82400,70000,0,70000,41799
14-15,264,1,HERMAN-NORCROSS SCHOOL DISTRICT    ,26,4,4,102000,102000,0,0,47501
14-15,270,1,HOPKINS PUBLIC SCHOOL DISTRICT     ,27,11,11,193819,107699.1111,0,107932.1429,64145
14-15,271,1,BLOOMINGTON PUBLIC SCHOOL DISTRICT ,27,11,11,180000,139277.5,129180,120443.7273,62949
14-15,272,1,EDEN PRAIRIE PUBLIC SCHOOL DISTRICT,27,11,11,192553,140566,147057.8313,120228,67462
14-15,273,1,EDINA PUBLIC SCHOOL DISTRICT       ,27,11,11,193440,141197,128733,124363.8333,64071
14-15,276,1,MINNETONKA PUBLIC SCHOOL DISTRICT  ,27,11,11,219490,149828,134299,127884.3333,64293
14-15,277,1,WESTONKA PUBLIC SCHOOL DISTRICT    ,27,11,11,177419,128417,120980,116877,61638
14-15,278,1,ORONO PUBLIC SCHOOL DISTRICT       ,27,11,11,188090,127937,121540,114223,62559
14-15,279,1,OSSEO PUBLIC SCHOOL DISTRICT       ,27,11,11,200250,135497.5556,0,128830.5556,63468
14-15,280,1,RICHFIELD PUBLIC SCHOOL DISTRICT   ,27,11,11,169000,133675,128447,119805.5,61118
14-15,281,1,ROBBINSDALE PUBLIC SCHOOL DISTRICT ,27,11,11,189299,127457,122960.6667,117018.9,62335
14-15,282,1,ST. ANTHONY-NEW BRIGHTON SCHOOLS   ,27,11,11,160000,112317,109948,104455,59615
14-15,283,1,ST. LOUIS PARK PUBLIC SCHOOL DIST. ,27,11,11,120042,68190,76192,92860.25,57595
14-15,284,1,WAYZATA PUBLIC SCHOOL DISTRICT     ,27,11,11,187500,153960,140974,132745.2857,63345
14-15,286,1,BROOKLYN CENTER SCHOOL DISTRICT    ,27,11,11,161600,110000,0,106000,54058
14-15,287,6,INTERMEDIATE SCHOOL DISTRICT 287   ,27,11,11,189371,0,0,0,60805
14-15,294,1,HOUSTON PUBLIC SCHOOL DISTRICT     ,28,10,10,84333,84101,0,71276.92308,45688
14-15,297,1,SPRING GROVE SCHOOL DISTRICT       ,28,10,10,38095.2381,81100,0,0,47400
14-15,299,1,CALEDONIA PUBLIC SCHOOL DISTRICT   ,28,10,10,110210,128134.3284,0,81000,53289
14-15,299,75,OUT OF STATE SPECIAL STUDENT       ,0,0,   ,0,0,0,0,0
14-15,300,1,LA CRESCENT-HOKAH SCHOOL DISTRICT  ,28,10,10,107721,102443,95505,99263,52890
14-15,300,75,BIRCHVIEW GROUP HOME               ,0,0,   ,0,0,0,0,0
14-15,302,75,ARLINGTON HOUSE                    ,0,0,   ,0,0,0,0,0
14-15,306,1,LAPORTE PUBLIC SCHOOL DISTRICT     ,29,1,2,60000,71000,0,71000,44266
14-15,308,1,NEVIS PUBLIC SCHOOL DISTRICT       ,29,1,2,105000,89760,0,89760,49802
14-15,309,1,PARK RAPIDS PUBLIC SCHOOL DISTRICT ,29,1,2,109000,93692,92682,92682,51831
14-15,314,1,BRAHAM PUBLIC SCHOOL DISTRICT      ,30,7,07E,104010,86965,0,83700,47847
14-15,316,1,GREENWAY PUBLIC SCHOOL DISTRICT    ,31,3,3,0,95000,0,85000,46986
14-15,316,75,VALLEY LAKE BOY'S HOME             ,0,0,4,0,0,0,0,0
14-15,317,1,DEER RIVER PUBLIC SCHOOL DISTRICT  ,31,3,3,110305,90623,0,81000,51259
14-15,318,1,GRAND RAPIDS PUBLIC SCHOOL DISTRICT,31,3,3,159642,111959.5,112599,91138,59566
14-15,319,1,NASHWAUK-KEEWATIN SCHOOL DISTRICT  ,31,3,3,116000,92000,0,80400,50792
14-15,323,2,FRANCONIA PUBLIC SCHOOL DISTRICT   ,13,7,07E,0,0,0,0,0
14-15,328,75,SCOTT COUNTY JUVENILE ALTERNATIVE  ,0,0,11,0,0,0,0,0
14-15,330,1,HERON LAKE-OKABENA SCHOOL DISTRICT ,32,6,8,0,67902,0,67902,42295
14-15,332,1,MORA PUBLIC SCHOOL DISTRICT        ,33,7,07E,126500,92000,0,80000,50662
14-15,333,1,OGILVIE PUBLIC SCHOOL DISTRICT     ,33,7,07E,85357,71938.77551,0,0,48071
14-15,345,1,NEW LONDON-SPICER SCHOOL DISTRICT  ,34,6,06E,67991,51297,74460,90823,53119
14-15,347,1,WILLMAR PUBLIC SCHOOL DISTRICT     ,34,6,06E,143500,92963,104372,100000,49472
14-15,356,1,LANCASTER PUBLIC SCHOOL DISTRICT   ,35,1,1,105000,105000,0,105000,41421
14-15,361,1,INTERNATIONAL FALLS SCHOOL DISTRICT,36,3,3,110000,99138,0,89267,55225
14-15,362,1,LITTLEFORK-BIG FALLS SCHOOL DIST.  ,36,3,3,0,90000,0,90000,52530
14-15,363,1,SOUTH KOOCHICHING SCHOOL DISTRICT  ,36,1,3,112857,69250,0,69250,43974
14-15,377,75,DAWSON ICR/MR                      ,0,0,   ,0,0,0,0,0
14-15,378,1,DAWSON-BOYD PUBLIC SCHOOL DISTRICT ,37,6,06W,110000,83500,0,75330,48847
14-15,381,1,LAKE SUPERIOR PUBLIC SCHOOL DIST.  ,38,3,3,115000,75000,0,85803,52785
14-15,382,52,NW REGION INTERDISTRICT COUNCIL    ,45,1,1,0,0,0,0,0
14-15,390,1,LAKE OF THE WOODS SCHOOL DISTRICT  ,39,1,2,67580,59964,0,67580,48049
14-15,391,1,CLEVELAND PUBLIC SCHOOL DISTRICT   ,40,9,9,97335,83945,0,83945,45949
14-15,397,52,LAKE AGASSIZ SPECIAL ED. COOP.     ,3,4,4,0,0,0,0,42382
14-15,398,52,MIDWEST SPECIAL EDUCATION COOP.    ,75,4,4,0,0,0,0,52375
14-15,402,1,HENDRICKS PUBLIC SCHOOL DISTRICT   ,41,6,8,0,61000,0,61000,32984
14-15,403,1,IVANHOE PUBLIC SCHOOL DISTRICT     ,41,6,8,10194.17476,0,0,60000,33179
14-15,403,75,FRIENDSHIP HAVEN I AND II          ,0,0,9,0,0,0,0,0
14-15,404,1,LAKE BENTON PUBLIC SCHOOL DISTRICT ,41,6,8,75500,0,0,75500,45481
14-15,413,1,MARSHALL PUBLIC SCHOOL DISTRICT    ,42,6,8,135000,112098,109397,92040,49134
14-15,414,1,MINNEOTA PUBLIC SCHOOL DISTRICT    ,42,6,8,106456.3107,77000,0,77000,42958
14-15,415,1,LYND PUBLIC SCHOOL DISTRICT        ,42,6,8,0,0,0,57000,35249
14-15,423,1,HUTCHINSON PUBLIC SCHOOL DISTRICT  ,43,6,06E,133400,110969,108962,103484,48857
14-15,424,1,LESTER PRAIRIE PUBLIC SCHOOL DIST. ,43,6,06E,92000,79000,0,79000,46358
14-15,428,75,HOFFMAN HOME                       ,0,0,4,0,0,0,0,0
14-15,432,1,MAHNOMEN PUBLIC SCHOOL DISTRICT    ,44,1,2,106000,75000,0,80000,52363
14-15,435,1,WAUBUN-OGEMA-WHITE EARTH PUBLIC SCH,44,1,2,105000,93500,0,81051.5,47244
14-15,441,1,MARSHALL COUNTY CENTRAL SCHOOLS    ,45,1,1,96000,79500,0,96000,42416
14-15,447,1,GRYGLA PUBLIC SCHOOL DISTRICT      ,45,1,1,101000,70000,0,70000,43529
14-15,458,1,TRUMAN PUBLIC SCHOOL DISTRICT      ,46,9,9,0,75000,0,75000,43579
14-15,463,1,EDEN VALLEY-WATKINS SCHOOL DISTRICT,47,6,06E,123000,95075,0,85500,45994
14-15,465,1,LITCHFIELD PUBLIC SCHOOL DISTRICT  ,47,6,06E,122000,99000,102000,100000,54322
14-15,466,1,DASSEL-COKATO PUBLIC SCHOOL DIST.  ,86,6,07W,132031,112579,104487,108065.5,53566
14-15,473,1,ISLE PUBLIC SCHOOL DISTRICT        ,48,7,07E,106000,82000,0,106000,41954
14-15,477,1,PRINCETON PUBLIC SCHOOL DISTRICT   ,48,7,07E,139320,107607,103176,97629,52821
14-15,480,1,ONAMIA PUBLIC SCHOOL DISTRICT      ,48,7,07E,105925.5,81000,0,80510,47117
14-15,482,1,LITTLE FALLS PUBLIC SCHOOL DISTRICT,49,5,5,148000,123627,109282,108272.5,55403
14-15,484,1,PIERZ PUBLIC SCHOOL DISTRICT       ,49,5,5,131880,100471,0,96396,50861
14-15,485,1,ROYALTON PUBLIC SCHOOL DISTRICT    ,49,5,5,108000,81000,0,97630,45927
14-15,486,1,SWANVILLE PUBLIC SCHOOL DISTRICT   ,49,5,5,92000,36004,0,0,51074
14-15,487,1,UPSALA PUBLIC SCHOOL DISTRICT      ,49,5,5,100000,0,0,0,48120
14-15,492,1,AUSTIN PUBLIC SCHOOL DISTRICT      ,50,10,10,148614,111683,103075,95305.83333,53328
14-15,495,1,GRAND MEADOW PUBLIC SCHOOL DISTRICT,50,10,10,192500,102250,0,102250,42664
14-15,497,1,LYLE PUBLIC SCHOOL DISTRICT        ,50,10,10,62000,80000,0,80000,39062
14-15,499,1,LEROY-OSTRANDER PUBLIC SCHOOLS     ,50,10,10,0,84500,0,84500,46016
14-15,500,1,SOUTHLAND PUBLIC SCHOOL DISTRICT   ,50,10,10,113000,78500,78500,80000,47732
14-15,505,1,FULDA PUBLIC SCHOOL DISTRICT       ,51,6,8,108000,85808.73786,0,77964.35644,51522
14-15,507,1,NICOLLET PUBLIC SCHOOL DISTRICT    ,52,9,9,91582.08955,87373.73737,87373.73737,87373.73737,44548
14-15,508,1,ST. PETER PUBLIC SCHOOL DISTRICT   ,52,9,9,104935.9223,102687,0,98732,51301
14-15,511,1,ADRIAN PUBLIC SCHOOL DISTRICT      ,53,6,8,90000,89215,0,90045,43028
14-15,514,1,ELLSWORTH PUBLIC SCHOOL DISTRICT   ,53,6,8,0,51665,0,51665,39080
14-15,518,1,WORTHINGTON PUBLIC SCHOOL DISTRICT ,53,6,8,149000,100666,99071,97477,50119
14-15,531,1,BYRON PUBLIC SCHOOL DISTRICT       ,55,10,10,121500,0,91000,84819,50769
14-15,533,1,DOVER-EYOTA PUBLIC SCHOOL DISTRICT ,55,10,10,120000,87150,63596.9697,93800,50553
14-15,534,1,STEWARTVILLE PUBLIC SCHOOL DISTRICT,55,10,10,147513,82500,0,75070,53042
14-15,535,1,ROCHESTER PUBLIC SCHOOL DISTRICT   ,55,10,10,200000,119686,113934.25,103781.9333,55829
14-15,542,1,BATTLE LAKE PUBLIC SCHOOL DISTRICT ,56,4,4,102500,102500,0,0,48024
14-15,544,1,FERGUS FALLS PUBLIC SCHOOL DISTRICT,56,4,4,0,112897,0,99272.72727,55229
14-15,545,1,HENNING PUBLIC SCHOOL DISTRICT     ,56,4,4,146250,90000,0,90000,45819
14-15,547,1,PARKERS PRAIRIE PUBLIC SCHOOL DIST.,56,4,4,0,80000,0,80000,48785
14-15,548,1,PELICAN RAPIDS PUBLIC SCHOOL DIST. ,56,4,4,107384,88743,0,0,52364
14-15,549,1,PERHAM-DENT PUBLIC SCHOOL DISTRICT ,56,4,4,119646,92000,90000,75000,47291
14-15,550,1,UNDERWOOD PUBLIC SCHOOL DISTRICT   ,56,4,4,216000,101755,0,0,42824
14-15,553,1,NEW YORK MILLS PUBLIC SCHOOL DIST. ,56,4,4,97500,76000,0,78000,48837
14-15,561,1,GOODRIDGE PUBLIC SCHOOL DISTRICT   ,57,1,1,0,65000,0,65000,44938
14-15,564,1,THIEF RIVER FALLS SCHOOL DISTRICT  ,57,1,1,110000,94151,94151,94151,50626
14-15,577,1,WILLOW RIVER PUBLIC SCHOOL DISTRICT,58,7,07E,95993,68000,0,81996.5,46232
14-15,578,1,PINE CITY PUBLIC SCHOOL DISTRICT   ,58,7,07E,119000,95250,0,84283,53839
14-15,581,1,EDGERTON PUBLIC SCHOOL DISTRICT    ,59,6,8,0,0,0,75800,45704
14-15,592,1,CLIMAX-SHELLY PUBLIC SCHOOLS       ,60,1,1,91000,70955,0,70955,38481
14-15,593,1,CROOKSTON PUBLIC SCHOOL DISTRICT   ,60,1,1,123600,83000,0,91786.5,49937
14-15,595,1,EAST GRAND FORKS PUBLIC SCHOOL DIST,60,1,1,122282,90189,89419,82341.5,52345
14-15,599,1,FERTILE-BELTRAMI SCHOOL DISTRICT   ,60,1,1,100000,0,0,0,48761
14-15,600,1,FISHER PUBLIC SCHOOL DISTRICT      ,60,1,1,82000,62000,0,62000,44021
14-15,601,1,FOSSTON PUBLIC SCHOOL DISTRICT     ,60,1,1,101000,84776,0,0,52890
14-15,621,1,MOUNDS VIEW PUBLIC SCHOOL DISTRICT ,62,11,11,210000,146661,134753,129883.6667,58039
14-15,622,1,NORTH ST PAUL-MAPLEWOOD OAKDALE DIS,62,11,11,187193,137562.5,126513.3333,117010,62259
14-15,623,1,ROSEVILLE PUBLIC SCHOOL DISTRICT   ,62,11,11,201128,142384,142384,127878.25,61748
14-15,624,1,WHITE BEAR LAKE SCHOOL DISTRICT    ,62,11,11,193311,137730,132478,124380.75,63957
14-15,625,1,ST. PAUL PUBLIC SCHOOL DISTRICT    ,62,11,11,198828,127737.3,119182.375,117701.0385,70166
14-15,630,1,RED LAKE FALLS PUBLIC SCHOOL DIST. ,63,1,1,0,81000,0,72000,47275
14-15,635,1,MILROY PUBLIC SCHOOL DISTRICT      ,64,6,8,0,0,0,0,40564
14-15,640,1,WABASSO PUBLIC SCHOOL DISTRICT     ,64,6,8,96000,72000,0,0,44113
14-15,656,1,FARIBAULT PUBLIC SCHOOL DISTRICT   ,66,10,10,145642,112140,108629,104400.6667,53261
14-15,659,1,NORTHFIELD PUBLIC SCHOOL DISTRICT  ,66,10,10,149810,108302,0,102368,54244
14-15,671,1,HILLS-BEAVER CREEK SCHOOL DISTRICT ,67,6,8,104567.3267,104567.3267,0,77000,46025
14-15,676,1,BADGER PUBLIC SCHOOL DISTRICT      ,68,1,1,210000,0,0,0,45695
14-15,682,1,ROSEAU PUBLIC SCHOOL DISTRICT      ,68,1,1,124109,100431,0,96065,53424
14-15,690,1,WARROAD PUBLIC SCHOOL DISTRICT     ,68,1,1,119036,94273,0,84449,51877
14-15,695,1,CHISHOLM PUBLIC SCHOOL DISTRICT    ,69,3,3,105783,95032,0,95442.99254,47591
14-15,696,1,ELY PUBLIC SCHOOL DISTRICT         ,69,3,3,80000,77500,77500,76000,49149
14-15,698,1,FLOODWOOD PUBLIC SCHOOL DISTRICT   ,69,3,3,121405,0,0,0,44006
14-15,700,1,HERMANTOWN PUBLIC SCHOOL DISTRICT  ,69,3,3,125596,99350,94895,93800,56884
14-15,701,1,HIBBING PUBLIC SCHOOL DISTRICT     ,69,3,3,122275,109452,0,98843,60456
14-15,704,1,PROCTOR PUBLIC SCHOOL DISTRICT     ,69,3,3,123908,99133,0,82407,50111
14-15,704,75,PRAIRIE LAKES DETENTION CENTER     ,0,0,   ,0,0,0,0,0
14-15,706,1,VIRGINIA PUBLIC SCHOOL DISTRICT    ,69,3,3,111000,82074,0,82074,56777
14-15,707,1,NETT LAKE PUBLIC SCHOOL DISTRICT   ,69,3,3,120215,0,0,120215,52407
14-15,709,1,DULUTH PUBLIC SCHOOL DISTRICT      ,69,3,3,168000,114356,100766,98734.22222,61469
14-15,712,1,MOUNTAIN IRON-BUHL SCHOOL DISTRICT ,69,3,3,115855,90767,0,115855,52600
14-15,716,1,BELLE PLAINE PUBLIC SCHOOL DISTRICT,70,11,11,132000,91000,0,89500,47505
14-15,717,1,JORDAN PUBLIC SCHOOL DISTRICT      ,70,11,11,135340,115492,114365,110465,57301
14-15,719,1,PRIOR LAKE-SAVAGE AREA SCHOOLS     ,70,11,11,160772,128990,121420,115817.6667,58483
14-15,720,1,SHAKOPEE PUBLIC SCHOOL DISTRICT    ,70,11,11,175830,120828.3333,0,118354.1667,55514
14-15,721,1,NEW PRAGUE AREA SCHOOLS            ,70,11,11,145000,122240,120852,114900,49584
14-15,726,1,BECKER PUBLIC SCHOOL DISTRICT      ,71,7,07W,150754,113296,111575,108104,59391
14-15,727,1,BIG LAKE PUBLIC SCHOOL DISTRICT    ,71,7,07W,148000,126712,109535,111074,55223
14-15,728,1,ELK RIVER PUBLIC SCHOOL DISTRICT   ,71,7,07W,193704,128137.3333,119542.5,106483.5351,62551
14-15,738,1,HOLDINGFORD PUBLIC SCHOOL DISTRICT ,73,7,07W,111500,88606,0,87812,47393
14-15,739,1,KIMBALL PUBLIC SCHOOL DISTRICT     ,73,7,07W,94000,89000,0,77000,47823
14-15,740,1,MELROSE PUBLIC SCHOOL DISTRICT     ,73,7,07W,105500,100726,94264,100726,54972
14-15,741,1,PAYNESVILLE PUBLIC SCHOOL DISTRICT ,73,7,07W,114186,101268,101268,92250,53890
14-15,742,1,ST. CLOUD PUBLIC SCHOOL DISTRICT   ,73,7,07W,170000,108232.25,0,102046.25,54582
14-15,743,1,SAUK CENTRE PUBLIC SCHOOL DISTRICT ,73,7,07W,0,99800,0,87500,56093
14-15,745,1,ALBANY PUBLIC SCHOOL DISTRICT      ,73,7,07W,122500,102040,0,95240,56684
14-15,748,1,SARTELL-ST. STEPHEN SCHOOL DISTRICT,73,7,07W,156500,75057,54751,103185,38749
14-15,750,1,ROCORI PUBLIC SCHOOL DISTRICT      ,73,7,07W,140824,108186,0,103083,52995
14-15,756,1,BLOOMING PRAIRIE PUBLIC SCHOOL DIST,74,10,10,0,0,0,77868,52605
14-15,761,1,OWATONNA PUBLIC SCHOOL DISTRICT    ,74,10,10,150000,113442,0,99686.6,56421
14-15,763,1,MEDFORD PUBLIC SCHOOL DISTRICT     ,74,10,10,123000,90000,0,95000,44549
14-15,768,1,HANCOCK PUBLIC SCHOOL DISTRICT     ,75,4,4,0,82984,0,82984,45937
14-15,771,1,CHOKIO-ALBERTA PUBLIC SCHOOL DIST. ,75,4,4,0,76350,0,0,39731
14-15,775,1,KERKHOVEN-MURDOCK-SUNBURG          ,76,6,06W,91900,69000,0,77530,41568
14-15,777,1,BENSON PUBLIC SCHOOL DISTRICT      ,76,6,06W,105000,105000,0,90213,52722
14-15,786,1,BERTHA-HEWITT PUBLIC SCHOOL DIST.  ,77,5,5,109880.597,89880,0,89880,49826
14-15,787,1,BROWERVILLE PUBLIC SCHOOL DISTRICT ,77,5,5,110000,78800,0,0,49838
14-15,801,1,BROWNS VALLEY PUBLIC SCHOOL DIST.  ,78,4,4,55319.14894,0,0,59933,44998
14-15,803,1,WHEATON AREA PUBLIC SCHOOL DISTRICT,78,4,4,105028,75000,0,105028,47633
14-15,811,1,WABASHA-KELLOGG PUBLIC SCHOOL DIST.,79,10,10,98000,61940.29851,0,88000,48515
14-15,813,1,LAKE CITY PUBLIC SCHOOL DISTRICT   ,79,10,10,110000,92583,0,92583,49305
14-15,815,2,PRINSBURG PUBLIC SCHOOL DISTRICT   ,34,6,06E,0,0,0,0,0
14-15,818,1,VERNDALE PUBLIC SCHOOL DISTRICT    ,80,5,5,94500,75000,0,0,46366
14-15,820,1,SEBEKA PUBLIC SCHOOL DISTRICT      ,80,5,5,112904,112904,0,0,43516
14-15,821,1,MENAHGA PUBLIC SCHOOL DISTRICT     ,80,5,5,108605,78000,0,78000,44838
14-15,829,1,WASECA PUBLIC SCHOOL DISTRICT      ,81,9,9,130000,75787.5,0,80688,47524
14-15,831,1,FOREST LAKE PUBLIC SCHOOL DISTRICT ,82,11,11,160960,125326.6667,0,116811.9457,53171
14-15,831,75,MISSOURI ADOLES TREATMENT CENTER   ,0,0,   ,0,0,0,0,0
14-15,832,1,MAHTOMEDI PUBLIC SCHOOL DISTRICT   ,82,11,11,175000,128030,121210,119355,66238
14-15,833,1,SOUTH WASHINGTON COUNTY SCHOOL DIST,82,11,11,155000,123076,109013.6,105358,53769
14-15,834,1,STILLWATER AREA PUBLIC SCHOOL DIST.,82,11,11,165000,122257.6667,0,115164.625,68248
14-15,836,1,BUTTERFIELD PUBLIC SCHOOL DISTRICT ,83,9,9,78900,82207,0,82207,40268
14-15,837,1,MADELIA PUBLIC SCHOOL DISTRICT     ,83,9,9,104076,87206,0,45430,43259
14-15,840,1,ST. JAMES PUBLIC SCHOOL DISTRICT   ,83,9,9,127565,87550,0,78889,53191
14-15,846,1,BRECKENRIDGE PUBLIC SCHOOL DISTRICT,84,4,4,114240,83232,0,79170,53685
14-15,850,1,ROTHSAY PUBLIC SCHOOL DISTRICT     ,84,4,4,166666.6667,60000,0,60000,37809
14-15,852,1,CAMPBELL-TINTAH PUBLIC SCHOOL DIST.,84,4,4,91500,0,0,0,39835
14-15,857,1,LEWISTON-ALTURA PUBLIC SCHOOL DIST.,85,10,10,114000,86000,0,78000,48464
14-15,858,1,ST. CHARLES PUBLIC SCHOOL DISTRICT ,85,10,10,112000,87864.07767,0,0,56317
14-15,861,1,WINONA AREA PUBLIC SCHOOL DISTRICT ,85,10,10,138000,102508,99719,90710,56221
14-15,870,52,SOUTHERN MINN. SPECIAL SERVICE COOP,22,9,9,0,0,0,0,0
14-15,876,1,ANNANDALE PUBLIC SCHOOL DISTRICT   ,86,7,07W,107625,111323,109086,109086,53896
14-15,877,1,BUFFALO-HANOVER-MONTROSE PUBLIC SCH,86,7,07W,166210,130442,123972,118975.3333,58199
14-15,879,1,DELANO PUBLIC SCHOOL DISTRICT      ,86,7,07W,121000,95273,97322,107710,51434
14-15,881,1,MAPLE LAKE PUBLIC SCHOOL DISTRICT  ,86,7,07W,144536,84164,0,105255,50539
14-15,882,1,MONTICELLO PUBLIC SCHOOL DISTRICT  ,86,7,07W,150000,113720,108871,104231.3333,55155
14-15,883,1,ROCKFORD PUBLIC SCHOOL DISTRICT    ,86,7,07W,141100,94600,82082,86844,50252
14-15,885,1,ST. MICHAEL-ALBERTVILLE SCHOOL DIST,86,7,07W,155000,111220,108873.5,106067,56580
14-15,891,1,CANBY PUBLIC SCHOOL DISTRICT       ,87,6,06W,107500,95053,0,75000,41957
14-15,911,1,CAMBRIDGE-ISANTI PUBLIC SCHOOL DIST,30,7,07E,0,110000,108842,106738.75,52925
14-15,912,1,MILACA PUBLIC SCHOOL DISTRICT      ,48,7,07E,125000,95437,0,95437,49900
14-15,914,1,ULEN-HITTERDAL PUBLIC SCHOOL DIST  ,14,4,4,72269.87952,92138,0,92138,44777
14-15,915,52,SOUTHERN PLAINS EDUCATION COOP.    ,46,9,9,0,0,0,0,49726
14-15,916,6,NORTHEAST METRO 916                ,62,11,11,178479,0,0,0,56195
14-15,917,6,INTERMEDIATE SCHOOL DISTRICT 917   ,19,11,11,175638,0,0,0,58558
14-15,919,51,NORTH COUNTRY VOC. COOP. CTR.      ,4,1,2,0,0,0,0,0
14-15,920,83,REGION 11-METRO EDUC. SERVICE UNIT ,27,11,11,0,0,0,0,0
14-15,921,83,REGION 10-SOUTHEAST SERVICE COOP   ,55,10,10,0,0,0,0,0
14-15,922,83,REGION 9-SOUTH CENTRAL SERVICE COOP,7,9,9,0,0,0,0,0
14-15,923,83,REGION 7-RESOURCE TRNG AND SOLUTION,73,7,07W,0,0,0,0,0
14-15,924,83,REGION 5-NATIONAL JOINT POWERS     ,77,5,5,0,0,0,0,90035
14-15,926,83,REGION 4-LAKES COUNTRY SERVICE COOP,56,4,4,157325,0,0,0,39346
14-15,927,83,REGION 3 - NORTHEAST SERVICE COOP  ,69,3,3,0,0,0,0,0
14-15,928,83,REGION 1 AND 2-NORTHWEST SVC. COOP ,57,1,1,0,0,0,0,0
14-15,935,52,FERGUS FALLS AREA SP. ED. COOP.    ,56,4,4,0,0,0,0,49711
14-15,938,52,MEEKER AND WRIGHT SPECIAL EDUCATION,86,6,07W,0,0,0,0,49344
14-15,957,51,OAK LAND VOCATIONAL COOPERATVE     ,30,7,07E,0,0,0,0,48066
14-15,963,51,EAST RANGE SEC. TECHNICAL CENTER   ,69,3,3,0,0,0,0,0
14-15,966,51,WRIGHT TECHNICAL CENTER            ,86,7,07W,0,0,0,0,49014
14-15,978,52,MINNESOTA VALLEY COOPERATIVE       ,87,6,06W,0,0,0,0,0
14-15,985,51,PINE TO PRAIRIE COOPERATIVE CTR.   ,63,1,1,0,0,0,0,0
14-15,991,83,REGN 6 AND 8-SW/WC SRV COOPERATIVE ,42,6,8,0,0,0,0,43879
14-15,997,52,AREA SPECIAL EDUCATION COOPERATIVE ,63,1,1,0,0,0,0,0
14-15,998,52,BEMIDJI REGIONAL INTERDIST. COUNCIL,4,1,2,0,0,0,0,60938
14-15,999,75,HARBOR SHELTER & COUNSELING CTR SO.,0,0,11,0,0,0,0,0
14-15,1000,70,PERPICH CENTER FOR ARTS EDUCATION  ,27,11,11,0,0,0,0,63959
14-15,1001,8,CROSSWINDS ARTS AND SCIENCE SCHOOL ,82,11,11,0,0,0,0,62485
14-15,1100,60,MINNESOTA DEPARTMENT OF CORRECTIONS,62,11,11,0,0,0,0,0
14-15,2071,1,LAKE CRYSTAL-WELLCOME MEMORIAL     ,7,9,9,120000,81000,0,83000,41668
14-15,2125,1,TRITON SCHOOL DISTRICT             ,20,10,10,112000,104000,85000,79040,48211
14-15,2134,1,UNITED SOUTH CENTRAL SCHOOL DIST.  ,22,9,10,138571.4286,83107,0,82000,50314
14-15,2135,1,MAPLE RIVER SCHOOL DISTRICT        ,7,9,9,117300,103067,103067,103066.5,51479
14-15,2137,1,KINGSLAND PUBLIC SCHOOL DISTRICT   ,23,10,10,108500,83344,79449,79449,50013
14-15,2142,1,ST. LOUIS COUNTY SCHOOL DISTRICT   ,69,3,3,127000,86002,0,86002,52650
14-15,2143,1,WATERVILLE-ELYSIAN-MORRISTOWN      ,40,9,9,126427,92769.5,0,72675.5,46990
14-15,2144,1,CHISAGO LAKES SCHOOL DISTRICT      ,13,7,07E,134640,122256,104968,97272,56899
14-15,2149,1,MINNEWASKA SCHOOL DISTRICT         ,61,4,4,117500,88189,88189,83000,52474
14-15,2154,1,EVELETH-GILBERT SCHOOL DISTRICT    ,69,3,3,62574,93268.5,0,62198.10976,48430
14-15,2155,1,WADENA-DEER CREEK SCHOOL DISTRICT  ,80,5,5,128000,90000,0,92465,50680
14-15,2159,1,BUFFALO LK-HECTOR-STEWART PUBLIC SC,65,6,06E,92000,77250,0,77250,44862
14-15,2164,1,DILWORTH-GLYNDON-FELTON            ,14,4,4,109500,72000,92750,90163,50484
14-15,2165,1,HINCKLEY-FINLAYSON SCHOOL DISTRICT ,58,7,07E,108000,87500,0,85900,51831
14-15,2167,1,LAKEVIEW SCHOOL DISTRICT           ,42,6,8,95500,65500,0,0,48996
14-15,2168,1,NRHEG SCHOOL DISTRICT              ,81,9,9,106000,89500,0,81300,45644
14-15,2169,1,MURRAY COUNTY CENTRAL SCHOOL DIST. ,51,6,8,0,86600,0,81000,46308
14-15,2170,1,STAPLES-MOTLEY SCHOOL DISTRICT     ,77,5,5,120406,95511,94618,94618,49679
14-15,2171,1,KITTSON CENTRAL SCHOOL DISTRICT    ,35,1,1,93269.23077,93269.23077,0,93269.23077,46209
14-15,2172,1,KENYON-WANAMINGO SCHOOL DISTRICT   ,25,10,10,130620,95588,78166,78166,43054
14-15,2174,1,PINE RIVER-BACKUS SCHOOL DISTRICT  ,11,5,5,105342,87497,0,76000,48354
14-15,2176,1,WARREN-ALVARADO-OSLO SCHOOL DIST.  ,45,1,1,107000,84975,0,82400,46311
14-15,2180,1,M.A.C.C.R.A.Y. SCHOOL DISTRICT     ,12,6,06W,101500,80375,0,75225,45791
14-15,2184,1,LUVERNE PUBLIC SCHOOL DISTRICT     ,67,6,8,108180,89000,89000,86977,47235
14-15,2190,1,YELLOW MEDICINE EAST               ,87,6,06W,111575,87000,87000,79200,52310
14-15,2198,1,FILLMORE CENTRAL                   ,23,10,10,118333.3333,55000,0,55000,42635
14-15,2215,1,NORMAN COUNTY EAST SCHOOL DISTRICT ,54,1,1,115000,0,0,0,41905
14-15,2310,1,SIBLEY EAST SCHOOL DISTRICT        ,72,9,9,116150,90353,0,100145,46830
14-15,2311,1,CLEARBROOK-GONVICK SCHOOL DISTRICT ,15,1,2,95000,75000,0,0,38675
14-15,2342,1,WEST CENTRAL AREA                  ,26,4,4,99809,87500,0,80500,47072
14-15,2358,1,TRI-COUNTY SCHOOL DISTRICT         ,35,1,1,117000,95500,0,95500,50278
14-15,2364,1,BELGRADE-BROOTEN-ELROSA SCHOOL DIST,73,7,07W,98000,98000,0,90000,50269
14-15,2365,1,G.F.W.                             ,72,9,9,105000,0,73000,105000,43660
14-15,2396,1,A.C.G.C. PUBLIC SCHOOL DISTRICT    ,47,6,06E,99128,87064,0,76513.5,51118
14-15,2397,1,LE SUEUR-HENDERSON SCHOOL DISTRICT ,40,9,9,112200,100800,0,93600,43614
14-15,2448,1,MARTIN COUNTY WEST SCHOOL DISTRICT ,46,9,9,99783,92902,0,93840.5,48462
14-15,2527,1,NORMAN COUNTY WEST SCHOOL DISTRICT ,54,1,1,95000,95000,0,79213,43639
14-15,2534,1,BIRD ISLAND-OLIVIA-LAKE LILLIAN    ,65,6,06E,100000,55000,0,77500,40814
14-15,2536,1,GRANADA HUNTLEY-EAST CHAIN         ,46,9,9,0,78467.46988,0,0,45973
14-15,2580,1,EAST CENTRAL SCHOOL DISTRICT       ,58,7,07E,103000,65768,0,75500,48150
14-15,2609,1,WIN-E-MAC SCHOOL DISTRICT          ,60,1,1,104000,85804,0,0,47021
14-15,2683,1,GREENBUSH-MIDDLE RIVER SCHOOL DIST.,68,1,1,0,0,85000,85000,53223
14-15,2687,1,HOWARD LAKE-WAVERLY-WINSTED        ,86,7,07W,135861,90750,89350,89350,44559
14-15,2689,1,PIPESTONE AREA SCHOOL DISTRICT     ,59,6,8,97000,82000,82000,69171.71717,55111
14-15,2711,1,MESABI EAST SCHOOL DISTRICT        ,69,3,3,99038.46154,89069,0,81944,52827
14-15,2752,1,FAIRMONT AREA SCHOOL DISTRICT      ,46,9,9,125000,62941,0,84831.5,49536
14-15,2753,1,LONG PRAIRIE-GREY EAGLE SCHOOL DIST,77,5,5,127000,109140,0,106775,52354
14-15,2754,1,CEDAR MOUNTAIN SCHOOL DISTRICT     ,64,6,8,100125,75000,0,70688.49558,40200
14-15,2759,1,EAGLE VALLEY PUBLIC SCHOOL DISTRICT,77,5,5,187500,0,0,0,44955
14-15,2769,1,MORRIS AREA PUBLIC SCHOOLS         ,75,1,4,118000,93177,0,93177,50434
14-15,2805,1,ZUMBROTA-MAZEPPA SCHOOL DISTRICT   ,79,10,10,114000,87052,0,92364,55134
14-15,2835,1,JANESVILLE-WALDORF-PEMBERTON       ,81,9,9,105000,74880,0,72000,40474
14-15,2853,1,LAC QUI PARLE VALLEY SCHOOL DIST.  ,37,6,06W,67697,60171,0,64287,51001
14-15,2854,1,ADA-BORUP PUBLIC SCHOOL DISTRICT   ,54,1,1,108000,58000,0,95000,44741
14-15,2856,1,STEPHEN-ARGYLE CENTRAL SCHOOLS     ,45,1,1,131000,82500,0,0,51317
14-15,2859,1,GLENCOE-SILVER LAKE SCHOOL DISTRICT,43,6,06E,136416,107289,0,98531,52311
14-15,2860,1,BLUE EARTH AREA PUBLIC SCHOOL      ,22,9,9,118500,89000,87000,87000,47826
14-15,2884,1,RED ROCK CENTRAL SCHOOL DISTRICT   ,17,6,8,88618,65000,0,0,47011
14-15,2886,1,GLENVILLE-EMMONS SCHOOL DISTRICT   ,24,10,10,0,84000,0,84000,45549
14-15,2888,1,CLINTON-GRACEVILLE-BEARDSLEY       ,6,6,06W,94805.97015,68219,0,68219,44392
14-15,2889,1,LAKE PARK AUDUBON SCHOOL DISTRICT  ,3,4,4,101950,87705,0,87705,41323
14-15,2890,1,RENVILLE COUNTY WEST SCHOOL DIST.  ,65,6,06E,0,67025,0,67025,49789
14-15,2895,1,JACKSON COUNTY CENTRAL SCHOOL DIST.,32,6,8,120457,98234,77000,83460,54031
14-15,2897,1,REDWOOD AREA SCHOOL DISTRICT       ,64,6,8,122900,84884.09091,84884.09091,84884.09091,45493
14-15,2898,1,WESTBROOK-WALNUT GROVE SCHOOLS     ,17,6,8,100000,93911,0,82913,49389
14-15,2899,1,PLAINVIEW-ELGIN-MILLVILLE          ,79,10,10,107000,62634.5,0,64779.5,50186
14-15,2902,1,RTR PUBLIC SCHOOLS                 ,41,6,8,166097.0149,78000,0,70000,40238
14-15,2903,1,ORTONVILLE PUBLIC SCHOOLS          ,6,6,06W,115500,109040,0,109040,50287
14-15,2904,1,TRACY AREA PUBLIC SCHOOL DISTRICT  ,42,6,8,104000,82620,0,84500,45690
14-15,2905,1,TRI-CITY UNITED SCHOOL DISTRICT    ,40,9,9,126500,84709.5,0,83304,42366
14-15,2906,1,RED LAKE COUNTY CENTRAL PUBLIC SCH ,63,1,1,147650,93360,0,63654,43325
14-15,2907,1,ROUND LAKE-BREWSTER PUBLIC SCHOOLS ,53,4,8,110000,0,0,110000,45337
14-15,2908,1,BRANDON-EVANSVILLE PUBLIC SCHOOLS  ,21,4,4,101010.101,67045,0,101010.101,44467
14-15,4000,7,CITY ACADEMY                       ,62,11,11,82662.72727,65543.32945,0,0,55751
14-15,4001,7,BLUFFVIEW MONTESSORI               ,85,10,10,0,0,0,0,29595
14-15,4003,7,"NEW HEIGHTS SCHOOL, INC.           ",82,11,11,80601,0,0,0,32207
14-15,4004,7,CEDAR RIVERSIDE COMMUNITY SCHOOL   ,27,11,11,84872,0,0,0,41606
14-15,4005,7,METRO DEAF SCHOOL                  ,62,11,11,0,0,0,0,64026
14-15,4007,7,MINNESOTA NEW COUNTRY SCHOOL       ,72,9,9,0,0,0,0,42029
14-15,4008,7,PACT CHARTER SCHOOL                ,2,11,11,97000,0,0,0,44480
14-15,4011,7,ATHLOS LEADERSHIP ACADEMY          ,27,11,11,0,0,0,146000,38688
14-15,4015,7,COMMUNITY OF PEACE ACADEMY         ,62,11,11,0,87413,0,88010,42724
14-15,4016,7,WORLD LEARNER CHARTER SCHOOL       ,10,11,11,0,0,0,97088,42732
14-15,4017,7,MINNESOTA TRANSITIONS CHARTER SCH  ,27,11,11,0,91500,0,77500,41695
14-15,4018,7,ACHIEVE LANGUAGE ACADEMY           ,62,11,11,0,0,0,0,49039
14-15,4020,7,DULUTH PUBLIC SCHOOLS ACADEMY      ,69,3,3,0,0,0,0,39251
14-15,4025,7,CYBER VILLAGE ACADEMY              ,62,11,11,0,0,0,0,41499
14-15,4026,7,E.C.H.O. CHARTER SCHOOL            ,87,6,06W,0,0,0,0,34617
14-15,4027,7,HIGHER GROUND ACADEMY              ,62,11,11,0,0,0,145800,44744
14-15,4029,7,ST. PAUL CITY SCHOOL               ,62,11,11,96421,0,0,0,37534
14-15,4030,7,ODYSSEY ACADEMY                    ,27,11,11,0,0,0,0,36941
14-15,4031,7,JENNINGS COMMUNITY LEARNING CENTER ,62,11,11,0,0,0,0,55721
14-15,4032,7,HARVEST PREPARATORY SCHOOL         ,27,11,11,0,0,0,136000,47854
14-15,4035,7,LIFE PREP                          ,62,11,11,0,0,0,85000,43295
14-15,4036,7,FACE TO FACE ACADEMY               ,62,11,11,0,0,0,0,46923
14-15,4038,7,SOJOURNER TRUTH ACADEMY            ,27,11,11,0,0,0,0,46369
14-15,4039,7,HIGH SCHOOL FOR RECORDING ARTS     ,62,11,11,0,0,0,0,44886
14-15,4042,7,TWIN CITIES ACADEMY                ,62,11,11,0,0,52559,0,43184
14-15,4043,7,MATH AND SCIENCE ACADEMY           ,82,11,11,0,0,0,0,48931
14-15,4049,7,NORTHWEST PASSAGE HIGH SCHOOL      ,2,11,11,0,0,0,0,45571
14-15,4050,7,LAFAYETTE PUBLIC CHARTER SCHOOL    ,52,9,9,0,0,0,0,36955
14-15,4053,7,NORTH LAKES ACADEMY                ,82,11,11,0,42026,0,0,43337
14-15,4054,7,LACRESCENT MONTESSORI ACADEMY      ,28,10,10,0,0,0,0,36639
14-15,4055,7,NERSTRAND CHARTER SCHOOL           ,66,10,10,0,0,0,0,44140
14-15,4056,7,ROCHESTER OFF-CAMPUS CHARTER HIGH  ,55,10,10,0,0,0,0,46967
14-15,4057,7,EL COLEGIO CHARTER SCHOOL          ,27,11,11,0,50000,0,0,41570
14-15,4058,7,SCHOOLCRAFT LEARNING COMMUNITY CHTR,4,1,2,0,0,0,0,39444
14-15,4059,7,CROSSLAKE COMMUNITY CHARTER SCHOOL ,18,5,5,81600,0,0,0,33262
14-15,4064,7,RIVERWAY LEARNING COMMUNITY CHTR   ,85,10,10,0,0,0,0,36402
14-15,4066,7,KATO PUBLIC CHARTER SCHOOL         ,7,9,9,0,0,0,0,34207
14-15,4067,7,AURORA CHARTER SCHOOL              ,27,11,11,0,0,0,0,45808
14-15,4068,7,EXCELL ACADEMY CHARTER             ,27,11,11,0,0,0,0,37028
14-15,4070,7,HOPE COMMUNITY ACADEMY             ,62,11,11,0,0,0,0,40145
14-15,4073,7,ACADEMIA CESAR CHAVEZ CHARTER SCH. ,62,11,11,0,0,0,85000,36936
14-15,4074,7,AFSA HIGH SCHOOL                   ,62,11,11,0,109000,0,0,39217
14-15,4075,7,AVALON SCHOOL                      ,62,11,11,0,0,0,0,51497
14-15,4077,7,TWIN CITIES INTERNATIONAL ELEM SCH ,27,11,11,0,0,0,0,47639
14-15,4078,7,MINNESOTA INTERNATIONAL MIDDLE CHTR,27,11,11,0,0,105000,0,40207
14-15,4079,7,FRIENDSHIP ACDMY OF FINE ARTS CHTR.,27,11,11,0,0,0,0,36795
14-15,4080,7,PILLAGER AREA CHARTER SCHOOL       ,11,5,5,0,0,0,0,55444
14-15,4081,7,DISCOVERY PUBLIC SCHOOL FARIBAULT  ,66,10,10,0,0,0,0,40426
14-15,4082,7,BLUESKY CHARTER SCHOOL             ,19,11,11,0,0,0,0,49879
14-15,4083,7,RIDGEWAY COMMUNITY SCHOOL          ,85,10,10,0,0,0,0,26250
14-15,4084,7,NORTH SHORE COMMUNITY SCHOOL       ,69,3,3,0,0,0,0,51296
14-15,4085,7,HARBOR CITY INTERNATIONAL CHARTER  ,69,3,3,0,78000,0,0,42553
14-15,4086,7,WOODSON INSTITUTE FOR EXCELLENCE CH,27,11,11,0,0,0,0,38858
14-15,4087,7,SAGE ACADEMY CHARTER SCHOOL        ,27,11,11,0,83333.33333,0,0,45290
14-15,4088,7,URBAN ACADEMY CHARTER SCHOOL       ,62,11,11,0,0,0,81000,41944
14-15,4089,7,NEW CITY SCHOOL                    ,27,11,11,0,0,0,0,39511
14-15,4090,7,PRAIRIE CREEK COMMUNITY SCHOOL     ,19,11,11,0,0,0,0,45570
14-15,4091,7,ARCADIA CHARTER SCHOOL             ,66,10,10,0,0,0,0,41817
14-15,4092,7,WATERSHED HIGH SCHOOL              ,27,11,11,0,0,0,0,37200
14-15,4093,7,NEW CENTURY ACADEMY                ,43,6,06E,0,67000,0,0,37176
14-15,4095,7,TRIO WOLF CREEK DISTANCE LEARNING  ,13,7,07E,0,0,0,0,42038
14-15,4097,7,"PARTNERSHIP ACADEMY, INC.          ",27,11,11,0,0,0,100456,41655
14-15,4098,7,NOVA CLASSICAL ACADEMY             ,62,11,11,0,76780,0,138560,43401
14-15,4100,7,GREAT EXPECTATIONS                 ,16,3,3,0,0,0,0,43824
14-15,4102,7,MINNESOTA INTERNSHIP CENTER        ,27,11,11,0,0,0,0,45503
14-15,4103,7,HMONG COLLEGE PREP ACADEMY         ,62,11,11,159286,80532,0,0,43175
14-15,4104,7,PALADIN CAREER AND TECH HIGH SCHOOL,2,11,11,0,0,0,0,57024
14-15,4105,7,GREAT RIVER SCHOOL                 ,62,11,11,0,0,0,0,46717
14-15,4106,7,TREKNORTH HIGH SCHOOL              ,4,1,2,0,106520.4082,0,0,49245
14-15,4107,7,VOYAGEURS EXPEDITIONARY            ,4,7,2,0,70686,0,0,41236
14-15,4110,7,MAIN STREET SCHOOL PERFORMING ARTS ,27,11,11,0,0,0,0,40261
14-15,4111,7,AUGSBURG FAIRVIEW ACADEMY          ,27,11,11,0,0,0,0,52405
14-15,4112,7,ST PAUL CONSERVATORY PERFORMING ART,62,11,11,137903,98956,0,0,37464
14-15,4113,7,FRASER ACADEMY                     ,27,11,11,0,0,0,0,42933
14-15,4115,7,MINNEAPOLIS ACADEMY CHARTER SCHOOL ,27,11,11,0,0,0,0,47043
14-15,4116,7,LAKES INTERNATIONAL LANGUAGE ACADEM,82,11,11,0,0,0,120000,43412
14-15,4118,7,KALEIDOSCOPE CHARTER SCHOOL        ,86,7,07W,0,0,0,0,35709
14-15,4119,7,ACADEMIC ARTS HIGH SCHOOL          ,19,11,11,0,0,0,0,43429
14-15,4120,7,ST. CROIX PREPARATORY ACADEMY      ,82,11,11,0,80000,100000,100000,43538
14-15,4121,7,UBAH MEDICAL ACADEMY CHARTER SCHOOL,27,11,11,0,0,0,0,48484
14-15,4122,7,EAGLE RIDGE ACADEMY CHARTER SCHOOL ,27,11,11,0,93615,0,78337,45238
14-15,4123,7,DAKOTA AREA COMMUNITY CHARTER SCH  ,85,10,10,0,0,0,0,23126
14-15,4124,7,BEACON ACADEMY                     ,27,11,11,0,0,0,88000,35967
14-15,4126,7,PRAIRIE SEEDS ACADEMY              ,27,11,11,0,132712,133272,0,37556
14-15,4127,7,TEAM ACADEMY                       ,81,9,9,70304,0,0,0,36657
14-15,4131,7,METRO SCHOOLS CHARTER              ,27,11,11,0,0,0,0,37984
14-15,4132,7,TWIN CITIES ACADEMY HIGH SCHOOL    ,62,11,11,0,52559,0,0,41679
14-15,4135,7,ROCHESTER MATH AND SCIENCE ACADEMY ,55,11,10,0,0,0,0,35733
14-15,4137,7,SWAN RIVER MONTESSORI CHARTER SCH  ,86,7,07W,0,0,0,0,50616
14-15,4138,7,MILROY AREA CHARTER SCHOOL         ,64,6,8,0,0,0,45000,23041
14-15,4139,7,LOVEWORKS ACADEMY FOR ARTS         ,27,11,11,0,0,0,0,36216
14-15,4140,7,YINGHUA ACADEMY                    ,27,11,11,0,0,0,0,42983
14-15,4141,7,PAIDEIA ACADEMY CHARTER SCHOOL     ,19,11,11,0,0,0,0,35206
14-15,4142,7,STRIDE ACADEMY CHARTER SCHOOL      ,73,7,07W,0,0,0,65000,34809
14-15,4143,7,NEW MILLENNIUM ACADEMY CHARTER SCH ,27,11,11,0,0,0,0,37378
14-15,4144,7,GREEN ISLE COMMUNITY SCHOOL        ,72,9,9,0,0,0,0,38412
14-15,4145,7,BIRCH GROVE COMMUNITY SCHOOL       ,16,3,3,0,0,0,0,39908
14-15,4146,7,NORTHERN LIGHTS COMMUNITY SCHOOL   ,31,3,3,0,0,0,0,43663
14-15,4150,7,MINNESOTA ONLINE HIGH SCHOOL       ,62,11,11,0,0,0,0,34960
14-15,4151,7,EDVISIONS OFF CAMPUS SCHOOL        ,40,9,9,0,0,0,0,53215
14-15,4152,7,TWIN CITIES GERMAN IMMERSION CHTR  ,62,11,11,0,0,0,85000,40252
14-15,4153,7,DUGSI ACADEMY                      ,62,11,11,0,0,0,0,36156
14-15,4155,7,NAYTAHWAUSH COMMUNITY SCHOOL       ,44,1,2,0,0,0,92134,43781
14-15,4159,7,SEVEN HILLS PREPARATORY ACADEMY    ,62,11,11,87550,0,0,0,44184
14-15,4160,7,SPECTRUM HIGH SCHOOL               ,71,7,07W,0,0,0,0,38158
14-15,4161,7,NEW DISCOVERIES MONTESSORI ACADEMY ,43,6,06E,95950,0,0,0,34556
14-15,4162,7,SOUTHSIDE FAMILY CHARTER SCHOOL    ,27,11,11,0,0,0,0,34608
14-15,4163,7,LEARNING FOR LEADERSHIP CHARTER    ,27,11,11,0,0,0,0,38158
14-15,4164,7,LAURA JEFFREY ACADEMY CHARTER      ,62,11,11,0,0,0,0,44490
14-15,4166,7,EAST RANGE ACADEMY OF TECH-SCIENCE ,69,3,3,0,0,0,0,36905
14-15,4167,7,INTERNATIONAL SPANISH LANGUAGE ACAD,27,11,11,0,0,0,97500,45033
14-15,4168,7,GLACIAL HILLS ELEMENTARY           ,61,4,4,0,0,0,0,31556
14-15,4169,7,STONEBRIDGE WORLD SCHOOL           ,27,11,11,0,0,0,0,40425
14-15,4170,7,HIAWATHA ACADEMIES                 ,27,11,11,0,0,0,0,45030
14-15,4171,7,NOBLE ACADEMY                      ,27,11,11,120000,0,0,0,41287
14-15,4172,7,CLARKFIELD CHARTER SCHOOL          ,87,6,06W,0,0,0,0,29510
14-15,4177,7,MINISINAAKWAANG LEADERSHIP ACADEMY ,1,3,3,0,0,0,55000,40317
14-15,4178,7,LINCOLN INTERNATIONAL SCHOOL       ,27,11,11,0,0,0,0,41716
14-15,4181,7,COMMUNITY SCHOOL OF EXCELLENCE     ,62,11,11,124800,0,0,0,40946
14-15,4183,7,LIONSGATE ACADEMY                  ,27,11,11,0,0,0,0,40846
14-15,4184,7,ASPEN ACADEMY                      ,70,11,11,0,0,0,94800,36912
14-15,4185,7,DAVINCI ACADEMY                    ,2,11,11,0,0,0,0,36502
14-15,4186,7,GLOBAL ACADEMY                     ,2,11,11,0,0,0,133218,51375
14-15,4187,7,NATURAL SCIENCE ACADEMY            ,82,11,11,0,0,0,0,38325
14-15,4188,7,COLOGNE ACADEMY                    ,10,11,11,0,0,0,85152,39571
14-15,4189,7,BRIGHT WATER ELEMENTARY            ,27,11,11,0,0,0,80000,39090
14-15,4190,7,RIVERS EDGE ACADEMY                ,62,11,11,0,0,0,0,38399
14-15,4191,7,KIPP MINNESOTA CHARTER SCHOOL      ,27,11,11,0,0,0,0,47428
14-15,4192,7,BEST ACADEMY                       ,27,11,11,0,0,0,0,41843
14-15,4193,7,COLLEGE PREPARATORY ELEMENTARY     ,62,11,11,0,0,0,0,43455
14-15,4194,7,CANNON RIVER STEM SCHOOL           ,66,10,10,0,0,0,0,38516
14-15,4195,7,OSHKI OGIMAAG CHARTER SCHOOL       ,16,3,3,0,0,0,0,34339
14-15,4198,7,DISCOVERY WOODS MONTESSORI SCHOOL  ,18,5,5,0,0,0,0,34261
14-15,4199,7,PARNASSUS PREPARATORY CHARTER SCH  ,27,11,11,0,75000,75000,75000,40098
14-15,4200,7,STEP ACADEMY CHARTER SCHOOL        ,19,11,11,0,0,0,0,35131
14-15,4201,7,CORNERSTONE MONTESSORI ELEMENTARY  ,62,11,11,0,0,0,0,45963
14-15,4203,7,MINNEAPOLIS COLLEGE PREPARATORY    ,27,11,11,0,0,0,0,41016
14-15,4204,7,ROCHESTER STEM ACADEMY             ,55,10,10,0,0,0,0,43322
14-15,4205,7,HENNEPIN ELEMENTARY SCHOOL         ,27,11,11,0,0,0,0,40633
14-15,4207,7,VERMILION COUNTRY SCHOOL           ,69,3,3,0,0,0,0,44242
14-15,4208,7,NASHA SHKOLA CHARTER SCHOOL        ,62,11,11,0,0,0,0,35999
14-15,4209,7,MASTERY SCHOOL                     ,27,11,11,0,0,0,90000,43761
14-15,4210,7,UPPER MISSISSIPPI ACADEMY          ,27,11,11,0,0,0,0,52411
14-15,4212,7,WEST SIDE SUMMIT CHARTER SCHOOL    ,62,11,11,0,0,0,0,41570
14-15,4213,7,PRODEO ACADEMY                     ,2,11,11,0,0,0,0,44018
14-15,4214,7,WEST CONCORD PUBLIC CHARTER SCHOOL ,20,10,10,0,0,0,66400,27395
14-15,4215,7,SEJONG ACADEMY OF MINNESOTA        ,62,11,11,0,0,0,70000,31439
14-15,4217,7,TECHNICAL ACADEMIES OF MINNESOTA   ,81,9,9,0,0,0,0,44220
14-15,4218,7,VENTURE ACADEMY                    ,27,11,11,0,0,0,0,49123
14-15,4219,7,NORTHEAST COLLEGE PREP             ,27,11,11,0,0,0,0,41544
14-15,4223,7,SAINT CLOUD MATH AND SCIENCE ACADEM,73,7,07W,0,0,0,80000,36725
14-15,4224,7,STAR OF THE NORTH ACADEMY CHARTER S,2,11,11,0,0,0,0,31617
14-15,4225,7,UNIVERSAL ACADEMY CHARTER SCHOOL   ,62,11,11,0,0,0,0,34838
14-15,4226,7,BDOTE LEARNING CENTER              ,27,11,11,0,0,0,0,37795
14-15,4227,7,ART AND SCIENCE ACADEMY            ,30,7,07E,0,0,0,0,38009
14-15,4228,7,WOODBURY LEADERSHIP ACADEMY        ,82,11,11,0,0,0,0,36553
14-15,4231,7,MINNESOTA MATH AND SCIENCE ACADEMY ,62,11,11,0,0,0,0,34250
14-15,6003,50,EAST CENTRAL MN ED. CABLE COOP.    ,30,7,07E,0,0,0,0,0
14-15,6004,61,FRESHWATER ED. DIST.               ,77,5,5,109200,0,0,0,54277
14-15,6009,61,ST. CROIX RIVER EDUCATION DISTRICT ,13,7,07E,0,0,0,0,0
14-15,6012,61,ZUMBRO EDUCATION DISTRICT          ,55,10,10,0,0,0,0,51564
14-15,6013,61,HIAWATHA VALLEY ED. DISTRICT       ,85,10,10,0,0,0,0,49380
14-15,6014,61,RUNESTONE AREA ED. DISTRICT        ,21,4,4,0,0,0,0,46467
14-15,6018,61,MN RIVER VALLEY EDUCATION DISTRICT ,12,6,06W,0,0,0,0,48570
14-15,6026,61,WEST CENTRAL EDUCATION DISTRICT    ,73,7,07W,0,0,0,0,55486
14-15,6027,61,MN VALLEY EDUCATION DISTRICT       ,52,9,9,6456.31068,0,0,0,47588
14-15,6036,50,SOCRATES                           ,7,9,9,0,0,0,0,0
14-15,6040,50,LITTLE CROW TELE-MEDIA NETWORK     ,43,6,06E,0,0,0,0,0
14-15,6048,50,WASIOJA ED. TECHNOLOGY COOP.       ,20,10,10,0,0,0,0,0
14-15,6049,61,RIVER BEND EDUCATION DISTRICT      ,8,9,9,0,0,0,0,40992
14-15,6050,52,PAUL BUNYAN EDUCATION COOPERATIVE  ,18,0,5,0,0,0,0,0
14-15,6051,61,GOODHUE COUNTY EDUCATION DISTRICT  ,25,10,10,0,0,0,0,47445
14-15,6054,50,CENTRAL MN ED TELECOM SYSTEM       ,21,4,4,0,0,0,0,0
14-15,6067,62,EAST METRO INTEGRATION DISTRICT    ,82,11,11,0,0,0,0,0
14-15,6069,62,WEST METRO EDUCATION PROGRAM       ,27,11,11,150000,127985,101763,0,58278
14-15,6070,50,ITASCA AREA SCHOOLS COLLABORATIVE  ,11,5,5,0,0,0,0,47388
14-15,6072,62,VALLEY CROSSING COMMUNITY SCHOOL   ,82,11,11,0,0,0,0,0
14-15,6074,50,CENTRAL MINNESOTA JT. POWERS DIST. ,73,7,07W,0,0,0,0,0
14-15,6076,50,NORTHLAND LEARNING CENTER          ,69,3,3,0,0,0,0,47760
14-15,6078,62,N.W.SUBURBAN INTEGRATION DISTRICT  ,27,11,11,0,0,0,0,0
14-15,6079,52,RUM RIVER SPECIAL EDUCATION COOP   ,30,7,07E,0,0,0,0,45570
14-15,6080,50,INFINITY:MINNESOTA  DIGITAL ACADEMY,11,3,5,0,0,0,0,9764
14-15,6081,50,SCOTT COUNTY SCHOOLS NETWORK (SCSN),70,11,11,0,0,0,0,0
14-15,6082,50,REDWOOD AREA TELECOM COOPERATIVE   ,64,6,8,0,0,0,0,0
14-15,6083,52,SOUTHERN MN EDUCATION CONSORTIUM   ,50,10,10,0,0,0,0,0
14-15,6085,50,NOBLES COUNTY INTG COLLABORATIVE   ,53,6,8,0,0,0,0,0
14-15,6088,50,SOUTHWEST METRO EDUCATIONAL COOP   ,70,11,11,144500,0,0,0,54119
14-15,6089,50,CARVER COUNTY SCHOOLS NETWORK      ,10,0,11,0,0,0,0,0
14-15,6100,92,GOVERNOR'S WORKFORCE DEV COUNCIL   ,62,0,3,0,0,0,0,0
14-15,6101,92,MINNESOTA BOARD OF TEACHING        ,62,0,11,0,0,0,0,0
14-15,6102,92,MN STATE COLLEGES AND UNIVERSITIES ,62,0,   ,0,0,0,0,0
14-15,6103,92,PERPICH CENTER FOR ARTS EDUCATION  ,27,0,11,0,0,0,0,0
14-15,6104,92,MINNESOTA COUNCIL ON ECONOMIC EDUC ,62,0,   ,0,0,0,0,0
14-15,6105,92,MINNESOTA HIGHER EDUCATION SERVICES,62,0,   ,0,0,0,0,0
14-15,6106,92,MN HIGHER ED FACILITIES AUTHORITY  ,62,0,   ,0,0,0,0,0
14-15,6107,92,MINNESOTA INDIAN AFFAIRS COUNCIL   ,62,0,   ,0,0,0,0,0
14-15,6108,92,MINNESOTA INDIAN AFFAIRS COUNCIL   ,0,0,   ,0,0,0,0,0
14-15,6109,92,MINNESOTA PRIVATE COLLEGE COUNCIL  ,62,0,   ,0,0,0,0,0
14-15,6110,92,MN STATE COLLEGES BOARD OF TRUSTEES,62,0,   ,0,0,0,0,0
14-15,6111,92,PUBLIC EMPLOYESS RETIREMENT ASSOC  ,62,0,   ,0,0,0,0,0
14-15,6112,92,TEACHERS' RETIREMENT ASSOCIATION   ,62,0,   ,0,0,0,0,0
14-15,6113,92,UNIV OF MINNESOTA BOARD OF REGENTS ,27,0,   ,0,0,0,0,0
14-15,6114,92,MN COMMISSION ON NATL/COMM SERVICE ,27,0,11,0,0,0,0,0
14-15,6115,92,MINNESOTA STATE ACADEMIES          ,67,0,10,0,0,0,0,0
14-15,6116,92,EARLY LEARNING COUNCIL             ,0,0,   ,0,0,0,0,0
14-15,6117,92,GOVERNORS INTERAGENCY COORD COUNCIL,0,0,   ,0,0,0,0,0
14-15,6300,93,ASSOC OF METRO SCHOOL DISTRICTS    ,62,0,11,0,0,0,0,0
14-15,6301,93,FAMILY & CONSUMER SCIENCES IN ED   ,82,0,11,0,0,0,0,0
14-15,6302,93,SCHOOLS FOR EQUITY IN EDUCATION    ,0,0,11,0,0,0,0,0
14-15,6303,93,MECC                               ,27,0,11,0,0,0,0,0
14-15,6304,93,MENTAL HEALTH ASSOCIATION OF MN INC,62,0,   ,0,0,0,0,0
14-15,6305,93,MN ALLIANCE FOR ARTS IN EDUCATION  ,62,0,   ,0,0,0,0,0
14-15,6306,93,MN ASSOC ADMINSTRATORS STATE & FED ,0,0,4,0,0,0,0,0
14-15,6307,93,MN ASSOC OF ALTERNATIVE PROGRAMS   ,0,0,3,0,0,0,0,0
14-15,6308,93,MN ASSOC OF COLLEGES FOR TEACHER ED,69,0,3,0,0,0,0,0
14-15,6309,93,MN ASSOC FOR CONTINUING ADULT EDUC ,62,0,   ,0,0,0,0,0
14-15,6310,93,MN ASSOC FOR COUNSELING & DEVELOPMT,62,0,11,0,0,0,0,0
14-15,6311,93,MN ASSOC OF EDUCATIONAL OFFICE PROF,27,0,11,0,0,0,0,0
14-15,6312,93,MN ASSOC OF HONOR SOCIETIES (MAHS) ,62,0,   ,0,0,0,0,0
14-15,6313,93,MN ASSOC OF MIDDLE LEVEL EDUCATORS ,0,0,   ,0,0,0,0,0
14-15,6314,93,MN ASSOC FOR PUPIL TRANSPORTATION  ,0,0,   ,0,0,0,0,0
14-15,6315,93,MN ASSOC OF SCHOOL ADMINISTRATORS  ,0,0,   ,0,0,0,0,0
14-15,6316,93,MN ASSOC OF SCH BUSINESS OFFICIALS ,0,0,   ,0,0,0,0,0
14-15,6317,93,MN ASSOC OF SECONDAY SCH PRINCIPALS,0,0,   ,0,0,0,0,0
14-15,6318,93,MN ASSOC OF SCH PERSONNEL ADMIN    ,0,0,   ,0,0,0,0,0
14-15,6319,93,MN ASSOC CAREER & TECH ADMINISTRATR,0,0,   ,0,0,0,0,0
14-15,6320,93,MN ASSOC- SECRETARIES TO PRINCIPALS,0,0,   ,0,0,0,0,0
14-15,6321,93,MN ASSOC OF STUDENT COUNCILS (MASC),0,0,   ,0,0,0,0,0
14-15,6322,93,MN ASSOC - SUPERVISION & CURRICULUM,0,0,   ,0,0,0,0,0
14-15,6323,93,MN CAREER DEVELOPMENT ASSOCIATION  ,0,0,   ,0,0,0,0,0
14-15,6324,93,MN CATHOLIC EDUCATION ASSOCIATION  ,0,0,   ,0,0,0,0,0
14-15,6325,93,MN MARATHON FOR NONPUBLIC EDUCATION,0,0,   ,0,0,0,0,0
14-15,6326,93,MN SCHOOL PUBLIC RELATIONS ASSOC   ,0,0,   ,0,0,0,0,0
14-15,6327,93,MN COLL & UNIV CAREER SERVICES ASSC,0,0,   ,0,0,0,0,0
14-15,6328,93,MN COMMUNITY EDUCATION ASSOCIATION ,0,0,   ,0,0,0,0,0
14-15,6329,93,MN PARENTS TEACHERS & STUDENTS ASSC,62,0,11,0,0,0,0,0
14-15,6330,93,MN COUNCIL FOR THE GIFTED TALENTED ,27,0,   ,0,0,0,0,0
14-15,6331,93,MN COUNCIL FOR THE SOCIAL STUDIES  ,0,0,8,0,0,0,0,0
14-15,6332,93,MN COUNCIL TEACHERS OF MATHEMATICS ,0,0,   ,0,0,0,0,0
14-15,6333,93,MINNESOTA SERVICE COOPERATIVES     ,0,0,9,0,0,0,0,0
14-15,6334,93,EDUCATION MINNESOTA                ,62,0,11,0,0,0,0,0
14-15,6335,93,MN EDUCATIONAL MEDIA ORGANIZ (MEMO),62,0,11,0,0,0,0,0
14-15,6336,93,MN ELEMENTARY SCH PRINCIPALS ASSOC.,62,0,   ,0,0,0,0,0
14-15,6337,93,MN NONPUBLIC SCHOOL ACCREDITING ASC,62,0,11,0,0,0,0,0
14-15,6338,93,MINNESOTA NURSES ASSOCIATION       ,62,0,   ,0,0,0,0,0
14-15,6339,93,MINNESOTA READING ASSOCIATION      ,0,0,4,0,0,0,0,0
14-15,6340,93,MN RURAL EDUCATION ASSOCIATION MREA,0,0,   ,0,0,0,0,0
14-15,6341,93,MN SCHOOL BOARDS ASSOCIATION (MSBA),0,0,9,0,0,0,0,0
14-15,6342,93,MN SCHOOL COUNSELORS ASSOCIATION   ,0,0,   ,0,0,0,0,0
14-15,6343,93,MN SCIENCE TEACHERS ASSOCIATION    ,62,0,   ,0,0,0,0,0
14-15,6344,93,MINNESOTA STATE HIGH SCHOOL LEAGUE ,27,0,11,0,0,0,0,0
14-15,6345,93,MN TECH COLLEGE EXT ADMINISTRATORS ,0,0,   ,0,0,0,0,0
14-15,6346,93,MN TECHNOLOGY EDUCATION ASSOCIATION,0,0,11,0,0,0,0,0
14-15,6347,93,MN ASSOC FOR CAREER/TECH EDUCATION ,0,0,11,0,0,0,0,0
14-15,6348,93,NONPUBLIC EDUCATION COUNCIL (NEC)  ,0,0,   ,0,0,0,0,0
14-15,6349,93,RETIRED EDUCATORS ASSC OF MINNESOTA,0,0,   ,0,0,0,0,0
14-15,6350,93,SCHOOL NURSE ORGANIZATION OF MN    ,0,0,11,0,0,0,0,0
14-15,6351,93,TIES-TECH AND INFO EDUCATIONAL SRVS,62,0,11,0,0,0,0,0
14-15,6352,93,MINNESOTA SCHOOL FOOD SERVICE ASSN ,0,0,07W,0,0,0,0,0
14-15,6353,93,MN SCHOOL FOOD SRVC DIRECTORS ASSOC,27,0,11,0,0,0,0,0
14-15,6354,93,MN ADMINISTRATORS FOR SPECIAL EDUC ,62,0,11,0,0,0,0,0
14-15,6355,93,STUDENT SVC COALITION EFFECTIVE ED ,0,0,   ,0,0,0,0,0
14-15,6356,93,NTNL ASSN OF PARTNERS IN EDUCATION ,0,0,3,0,0,0,0,0
14-15,6357,93,NORTH CENTRAL ASSOCIATION          ,62,0,   ,0,0,0,0,0
14-15,6358,93,"MINNESOTA BUSINESS EDUCATORS, INC. ",0,0,10,0,0,0,0,0
14-15,6359,93,MINNESOTA KINDERGARTEN ASSOCIATION ,0,0,4,0,0,0,0,0
14-15,6360,93,MINNESOTA LITERACY COUNCIL         ,62,0,11,0,0,0,0,0
14-15,6361,93,MINNESOTA SCHOOL PSYCHOLOGISTS ASSC,0,0,NULL,0,0,0,0,0
14-15,6362,93,MINNESOTA YOUTH ADVISORY COUNCIL   ,62,0,11,0,0,0,0,0
14-15,6363,93,SCIMATH MINNESOTA                  ,62,0,11,0,0,0,0,0
14-15,6364,93,MINNESOTA INDEPENDENT SCHOOL FORUM ,62,0,   ,0,0,0,0,0
14-15,6365,93,MN ASSOCIATION OF CHARTER SCHOOLS  ,62,0,   ,0,0,0,0,0
14-15,6366,93,MN CNCL TEACHING LANGUAGES/CULTURES,62,0,11,0,0,0,0,0
14-15,6367,93,PARENTS UNITED FOR PUBLIC SCHOOLS  ,62,0,11,0,0,0,0,0
14-15,6368,93,MINNESOTA PTA                      ,62,0,   ,0,0,0,0,0
14-15,6369,93,LEARNING FORWARD MN                ,27,0,   ,0,0,0,0,0
14-15,6370,93,MINNESOTA READING ASSOCIATION      ,0,0,   ,0,0,0,0,0
14-15,6371,93,MN CENTER FOR READING RESEARCH     ,0,0,   ,0,0,0,0,0
14-15,6372,93,MINNESOTA HEAD START ASSOCIATION   ,69,0,3,0,0,0,0,0
14-15,6383,61,BENTON-STEARNS ED. DISTRICT        ,73,7,07W,0,0,0,0,55586
14-15,6979,61,MID STATE EDUCATION DISTRICT       ,49,5,5,0,0,0,0,48045
14-15,7000,84,ABILITY BUILDING CENTER            ,0,0,10,0,0,0,0,0
14-15,7001,84,AMERICAN INDIAN SCIENCE/ENG SOCIETY,0,0,   ,0,0,0,0,0
14-15,7002,84,ANOKA CTY COMMUNITY ACTION PROGRAMS,0,0,11,0,0,0,0,0
14-15,7003,84,ARC GREATER TWIN CITIES            ,0,0,   ,0,0,0,0,0
14-15,7004,84,ARC MIDSTATE                       ,0,0,07W,0,0,0,0,0
14-15,7005,84,ARROWHEAD ECONOMIC OPPORTUNITY AEOA,0,0,3,0,0,0,0,0
14-15,7006,84,CATHOLIC CHARITIES                 ,0,0,11,0,0,0,0,0
14-15,7007,84,CHILD CARE RESOURCE/REFERRAL INC   ,0,0,10,0,0,0,0,0
14-15,7008,84,"COMMUNITY ACTION COUNCIL, INC.     ",0,0,11,0,0,0,0,0
14-15,7009,84,COUNTIES                           ,0,0,11,0,0,0,0,0
14-15,7010,84,DULUTH HEAD START                  ,0,0,3,0,0,0,0,0
14-15,7011,84,"ELY COMMUNITY RESOURCE, INC.       ",0,0,   ,0,0,0,0,0
14-15,7012,84,FAMILYMEANS                        ,0,0,11,0,0,0,0,0
14-15,7013,84,FOND DU LAC RESERVATION            ,0,0,3,0,0,0,0,0
14-15,7014,84,FULL CIRCLE COMMUNITY INSTITUTE INC,0,0,NULL,0,0,0,0,0
14-15,7015,84,GRAND PORTAGE RESERV TRIBAL COUNCIL,0,0,   ,0,0,0,0,0
14-15,7016,84,GREATER MPLS COUNCIL OF CHURCHES   ,0,0,11,0,0,0,0,0
14-15,7017,84,HEARTLAND COMMUNITY ACTION AGENCY  ,0,0,06E,0,0,0,0,0
14-15,7018,84,INTER-COUNTY COMMUNITY COUNCIL     ,0,0,   ,0,0,0,0,0
14-15,7019,84,KOOTASCA COMMUNITY ACTION          ,0,0,3,0,0,0,0,0
14-15,7020,84,"LAKES AND PINES C.A.C., INC.       ",0,0,07E,0,0,0,0,0
14-15,7021,84,LAKES/PRAIRIES COMM ACTION PARTN   ,0,0,4,0,0,0,0,0
14-15,7022,84,LEECH LAKE BAND OF OJIBWE          ,0,0,5,0,0,0,0,0
14-15,7023,84,"MAHUBE COMMUNITY COUNCIL, INC.     ",0,0,   ,0,0,0,0,0
14-15,7024,84,MILLE LACS BAND OF OJIBWE          ,0,0,07E,0,0,0,0,0
14-15,7025,84,MINNEAPOLIS PARENT INFORMATION CTR ,0,0,11,0,0,0,0,0
14-15,7026,84,MN ASOC FOR CHILDRENS MENTAL HEALTH,0,0,11,0,0,0,0,0
14-15,7027,84,MINNESOTA VALLEY ACTION COUNCIL INC,0,0,9,0,0,0,0,0
14-15,7028,84,NORTHFIELD HOSPITAL                ,0,0,   ,0,0,0,0,0
14-15,7029,84,NORTHLAND AREA FAMILY SERVICE CTR  ,0,0,5,0,0,0,0,0
14-15,7030,84,"NORTHWEST COMMUNITY ACTION, INC.   ",0,0,1,0,0,0,0,0
14-15,7031,84,OPPORTUNITY NEIGHBORHOOD DEV. CORP.,0,0,11,0,0,0,0,0
14-15,7032,84,OTTER TAIL-WADENA COM ACTION COUNCL,0,0,4,0,0,0,0,0
14-15,7033,84,PACER CENTER                       ,0,0,11,0,0,0,0,0
14-15,7034,84,PACT 4 FAMILIES COLLABORATIVE      ,0,0,06E,0,0,0,0,0
14-15,7035,84,PARENTS IN COMMUNITY ACTION (PICA) ,0,0,11,0,0,0,0,0
14-15,7036,84,PILLAGER FAMILY COUNCIL            ,0,0,5,0,0,0,0,0
14-15,7037,84,PRAIRIE FIVE COMM ACTION COUNCIL   ,0,0,   ,0,0,0,0,0
14-15,7038,84,PROJECT SIGHT                      ,0,0,10,0,0,0,0,0
14-15,7039,84,"REACH-UP, INC.                     ",0,0,07W,0,0,0,0,0
14-15,7040,84,RED LAKE BAND OF CHIPPEWA INDIANS  ,0,0,   ,0,0,0,0,0
14-15,7041,84,"SCOTT-CARVER-DAKOTA CAP AGENCY, INC",0,0,11,0,0,0,0,0
14-15,7042,84,SEMCAC                             ,0,0,10,0,0,0,0,0
14-15,7043,84,SOUTHWESTERN MN OPPORTUNITY COUNCIL,0,0,8,0,0,0,0,0
14-15,7044,84,ST. PAUL AREA COUNCIL OF CHURCHES  ,0,0,11,0,0,0,0,0
14-15,7045,84,THE ARC OF MINNESOTA               ,0,0,   ,0,0,0,0,0
14-15,7046,84,THREE RIVERS COMMUNITY ACTION      ,0,0,10,0,0,0,0,0
14-15,7047,84,TRI-COUNTY COMMUNITY ACTION        ,0,0,5,0,0,0,0,0
14-15,7048,84,"TRI-VALLEY OPPORTUNITY COUNCIL, INC",0,0,1,0,0,0,0,0
14-15,7049,84,UPPER MIDWEST AMERICAN INDIAN CTR  ,0,0,11,0,0,0,0,0
14-15,7050,84,URBAN VENTURE LEADERSHIP FOUNDATION,0,0,11,0,0,0,0,0
14-15,7051,84,VSA ARTS OF MINNESOTA              ,27,0,11,0,0,0,0,0
14-15,7052,84,"WE WIN INSTITUTE, INC.             ",0,0,11,0,0,0,0,0
14-15,7053,84,WEST 7TH COMMUNITY CENTER          ,0,0,11,0,0,0,0,0
14-15,7054,84,WEST CENTRAL COMMUNITIES ACTION    ,0,0,4,0,0,0,0,0
14-15,7055,84,"WESTERN COMMUNITY ACTION, INC.     ",0,0,   ,0,0,0,0,0
14-15,7056,84,WHITE EARTH CHILD CARE             ,0,0,   ,0,0,0,0,0
14-15,7057,84,WRIGHT COUNTY COMMUNITY ACTION     ,0,0,07W,0,0,0,0,0
14-15,7058,84,YMCA DULUTH                        ,0,0,3,0,0,0,0,0
14-15,7059,84,YMCA OF METROPOLITAN MINNEAPOLIS   ,27,0,11,0,0,0,0,0
14-15,7060,84,YOUTHCARE                          ,0,0,   ,0,0,0,0,0
14-15,7061,84,MINNESOTA INDEPENDENT SCHOOL FORUM ,0,0,11,0,0,0,0,0
14-15,7062,84,DISCAPITADOS ABRIENDOSE CAMINOS    ,62,0,11,0,0,0,0,0
14-15,7063,84,THE BIG WOODS CLUB                 ,27,0,11,0,0,0,0,0
14-15,7064,84,NEIGHBORHOOD HOUSE                 ,0,0,11,0,0,0,0,0
14-15,7065,84,"LAO FAMILY COMMUNITY OF MN, INC.   ",0,0,11,0,0,0,0,0
14-15,7066,84,NAMI MINNESOTA                     ,62,0,   ,0,0,0,0,0
14-15,7069,84,SLAVIC COMMUNITY CENTER            ,62,0,11,0,0,0,0,0
14-15,7070,84,HMONG AMERICAN PARTNERSHIP         ,62,0,11,0,0,0,0,0
14-15,7071,84,SALUS UNIVERSITY                   ,0,0,NULL,0,0,0,0,0
14-15,7072,84,MN ORG OF ADOLESCENT PREGNANCY PREV,62,11,11,0,0,0,0,0
14-15,7073,84,AUTISM SOCIETY OF MINNESOTA        ,62,11,11,0,0,0,0,0
14-15,7074,84,NORTHWEST INDIAN OIC               ,4,1,2,0,0,0,0,0
14-15,7075,84,LIFESPAN                           ,62,11,11,0,0,0,0,0
14-15,7076,85,MOTT MACDONALD INC.                ,0,0,   ,0,0,0,0,0
14-15,7077,84,YOUTHRIVE                          ,62,11,11,0,0,0,0,0
14-15,7078,84,PLYMOUTH CHRISTIAN YOUTH CENTER    ,27,11,11,0,0,0,0,0
14-15,7079,84,BI-COUNTY COMMUNITY ACTION PROGRAM ,4,0,2,0,0,0,0,0
14-15,7080,84,BOIS FORTE RESERVATION TRIBAL COUNC,69,0,3,0,0,0,0,0
14-15,7081,84,RAMSEY ACTION PROGRAMS INC         ,62,0,11,0,0,0,0,0
14-15,7082,84,TRI-VALLEY OPPORTUNITY MIGRANT     ,60,0,1,0,0,0,0,0
14-15,7083,84,WEST CENTRAL MN COMMUNITIES ACTION ,26,0,4,0,0,0,0,0
14-15,7084,84,WHITE EARTH RESERVATION TRIBAL COUN,3,0,   ,0,0,0,0,0
14-15,7085,84,THINK SMALL                        ,62,11,11,0,0,0,0,0
14-15,7086,84,"THE CITY, INC.                     ",27,11,11,0,0,0,0,0
14-15,7087,84,CLUES                              ,62,11,11,0,0,0,0,0
14-15,7088,84,EAST SIDE NEIGHBORHOOD SERVICES    ,27,11,11,0,0,0,0,0
14-15,7089,84,SCIMATHMN                          ,62,11,11,0,0,0,0,0
14-15,7641,84,"UPSTREAM ARTS, INC.                ",27,0,11,0,0,0,0,0
14-15,7642,84,GREATER MINNEAPOLIS CRISIS NURSERY ,27,0,11,0,0,0,0,0
14-15,7643,84,NORTHSIDE ACHIEVEMENT ZONE         ,27,0,   ,0,0,0,0,0
14-15,7644,84,JOYCE BILINGUAL PRESCHOOL          ,27,0,11,0,0,0,0,0
14-15,7645,84,CARLTON CTY CHILDREN/FAMILY SERVS  ,9,0,3,0,0,0,0,0
14-15,7646,84,MINNESOTA WORKFORCE COUNCIL ASSOC  ,62,0,11,0,0,0,0,0
14-15,7647,84,UNITED CEREBRAL PALSY/INFINITEC    ,0,0,NULL,0,0,0,0,0
14-15,7648,84,"PEOPLE SERVING PEOPLE, INC. (PSP)  ",27,0,11,0,0,0,0,0
14-15,7649,84,YWCA OF MINNEAPOLIS                ,27,0,11,0,0,0,0,0
14-15,7650,84,LAKE AREA DISCOVERY CENTER         ,62,0,11,0,0,0,0,0
14-15,7651,84,FIRST CHILDREN'S FINANCE           ,27,0,   ,0,0,0,0,0
14-15,7652,84,LITERACY ACTION NETWORK            ,62,11,11,0,0,0,0,0
14-15,7653,84,GOODWILL EASTER SEALS MINNESOTA    ,62,0,11,0,0,0,0,0
14-15,7654,84,LAO ADVANCEMENT ORG OF AMERICA     ,27,0,11,0,0,0,0,0
14-15,7655,84,ROCHESTER AREA MATH&SCI PARTNERSHIP,0,0,   ,0,0,0,0,0
14-15,7656,84,THE DULUTH MODEL ORGANIZATION      ,69,0,3,0,0,0,0,0
14-15,7657,84,MINNESOTA SAFETY COUNCIL           ,62,0,   ,0,0,0,0,0
14-15,7658,84,ST. LOUIS COUNTY HEALTH/HUMAN SERVS,69,0,   ,0,0,0,0,0
14-15,7659,84,AUDUBON CENTER OF THE NORTH WOODS  ,27,0,   ,0,0,0,0,0
14-15,7660,84,FRASER                             ,27,0,11,0,0,0,0,0
14-15,7661,84,FRIENDS OF EDUCATION               ,0,0,   ,0,0,0,0,0
14-15,7662,84,GERMANIC-AMERICAN INSTITUTE        ,62,0,11,0,0,0,0,0
14-15,7663,84,INNOVATIVE QUALITY SCHOOLS         ,27,0,11,0,0,0,0,0
14-15,7664,84,MINNESOTA GUILD OF PUBLIC CHTR SCHS,0,0,11,0,0,0,0,0
14-15,7665,84,NOVATION EDUCATION OPPORTUNITIES   ,19,0,11,0,0,0,0,0
14-15,7666,84,ORDWAY CENTER FOR PERFORMING ARTS  ,62,0,11,0,0,0,0,0
14-15,7667,84,PILLSBURY UNITED COMMUNITIES       ,27,0,11,0,0,0,0,0
14-15,7668,84,PROJECT FOR PRIDE IN LIVING        ,27,0,11,0,0,0,0,0
14-15,7669,84,STUDENT ACHIEVEMENT MINNESOTA      ,27,0,   ,0,0,0,0,0
14-15,7670,84,VOLUNTEERS OF AMERICA - MINNESOTA  ,27,0,11,0,0,0,0,0
14-15,7671,84,WOLF RIDGE ENVIRONMENTAL LEARNING C,38,0,3,0,0,0,0,0
14-15,7672,84,"EDUCATION DEVELOMENT CENTER, INC.  ",0,0,NULL,0,0,0,0,0
14-15,7673,84,CENTER FOR ENGAGING AUTISM         ,27,0,11,0,0,0,0,0
14-15,7674,84,"OUTCOMES, INC.                     ",62,0,11,0,0,0,0,0
14-15,7675,84,NORTHWOOD CHILDREN'S FOUNDATION    ,0,0,3,0,0,0,0,0
14-15,7676,84,JEWISH FAMILY & CHILDREN'S SRV MPLS,27,0,   ,0,0,0,0,0
14-15,7677,84,CDI HEAD START - OTTER TAIL-WADENA ,56,0,4,0,0,0,0,0
14-15,7678,84,PRAIRIE ISLAND INDIAN COMMUNITY    ,25,0,10,0,0,0,0,0
14-15,7679,84,HMONG CULTURAL CENTER              ,62,11,11,0,0,0,0,0
14-15,7680,84,SOMALI AMERICAN PARENT ASSOCIATION ,27,0,   ,0,0,0,0,0
14-15,7681,84,BUSINESS PROFESSIONALS OF AMERICA  ,19,0,11,0,0,0,0,0
14-15,7682,84,"MN ASSOC OF FAMILY, CAREER, COMM LD",62,0,   ,0,0,0,0,0
14-15,7683,84,MINNEAPOLIS URBAN LEAGUE           ,27,11,11,0,0,0,0,0
14-15,7684,84,WEST CENTRAL MN COMMUNITY ACTION IN,26,0,4,0,0,0,0,0
14-15,7685,84,"CHILD CARE CHOICES, INC.           ",73,0,07W,0,0,0,0,0
14-15,7687,84,AFREEC TUTORING                    ,0,0,   ,0,0,0,0,0
14-15,8000,88,SOUTHEAST LIBRARY SYSTEM           ,55,0,10,0,0,0,0,0
14-15,8001,89,SELCO SOUTHEASTERN LIBRARIES COOP  ,55,0,10,0,0,0,0,0
14-15,8003,89,CARVER COUNTY LIBRARY              ,10,11,11,0,0,0,0,0
14-15,8004,86,MINITEX LIBRARY INFORMATION NETWORK,27,0,   ,0,0,0,0,0
14-15,8006,89,PIONEERLAND LIBRARY SYSTEM         ,34,0,06E,0,0,0,0,0
14-15,8007,87,RACEC                              ,27,11,11,0,0,0,0,0
14-15,8008,89,ARROWHEAD LIBRARY SYSTEM           ,69,0,3,0,0,0,0,0
14-15,8009,89,MELSA                              ,62,0,   ,0,0,0,0,0
14-15,8010,88,CENTRAL MN LIBRARIES EXCHANGE(CMLE),73,0,   ,0,0,0,0,0
14-15,8011,88,METRONET                           ,62,0,   ,0,0,0,0,0
14-15,8013,88,NORTHERN LIGHTS LIBRARY NETWORK    ,3,0,4,0,0,0,0,0
14-15,8014,88,SOUTHCENTRAL MN INTER-LIBRARY EXCH ,7,0,   ,0,0,0,0,0
14-15,8015,88,SW AREA MULTI-COUNTY/TYPE INTER EXC,45,0,   ,0,0,0,0,0
14-15,8016,89,EAST CENTRAL REGIONAL LIBRARY      ,30,0,07E,0,0,0,0,0
14-15,8017,89,GREAT RIVER REGIONAL LIBRARY       ,73,0,07W,0,0,0,0,0
14-15,8018,89,KITCHIGAMI REGIONAL LIBRARY        ,11,0,5,0,0,0,0,0
14-15,8019,89,LAKE AGASSIZ REGIONAL LIBRARY      ,14,0,4,0,0,0,0,0
14-15,8020,89,NORTHWEST REGIONAL LIBRARY         ,57,0,1,0,0,0,0,0
14-15,8021,89,PLUM CREEK LIBRARY SYSTEM          ,53,0,8,0,0,0,0,0
14-15,8022,89,TRAVERSE DES SIOUX LIBRARY COOPERAT,7,0,   ,0,0,0,0,0
14-15,8023,89,VIKING LIBRARY SYSTEM              ,56,0,4,0,0,0,0,0
14-15,8024,89,ALBERT LEA PUBLIC LIBRARY          ,24,0,10,0,0,0,0,0
14-15,8025,89,ANOKA COUNTY LIBRARY               ,2,0,11,0,0,0,0,0
14-15,8026,89,AURORA PUBLIC LIBRARY              ,69,0,3,0,0,0,0,0
14-15,8027,89,AUSTIN PUBLIC LIBRARY              ,50,0,10,0,0,0,0,0
14-15,8028,89,BABBITT PUBLIC LIBRARY             ,69,0,3,0,0,0,0,0
14-15,8029,89,BAUDETTE PUBLIC LIBRARY            ,39,0,2,0,0,0,0,0
14-15,8030,89,BAYPORT PUBLIC LIBRARY             ,82,0,11,0,0,0,0,0
14-15,8031,89,BLUE EARTH COMMUNITY LIBRARY       ,22,0,9,0,0,0,0,0
14-15,8032,89,BLUE EARTH COUNTY LIBRARY          ,7,0,9,0,0,0,0,0
14-15,8033,89,BOVEY PUBLIC LIBRARY               ,31,0,3,0,0,0,0,0
14-15,8034,89,BROWNS VALLEY PUBLIC LIBRARY       ,78,00,04 ,0,0,0,0,0
14-15,8035,89,BROWNSDALE PUBLIC LIBRARY          ,50,00,10 ,0,0,0,0,0
14-15,8036,89,BUHL PUBLIC LIBRARY                ,69,00,03 ,0,0,0,0,0
14-15,8037,89,CALEDONIA PUBLIC LIBRARY           ,28,00,10 ,0,0,0,0,0
14-15,8038,89,CALUMET PUBLIC LIBRARY             ,00,00,   ,0,0,0,0,0
14-15,8039,89,CANNON FALLS LIBRARY               ,25,00,10 ,0,0,0,0,0
14-15,8040,89,CARLTON PUBLIC LIBRARY             ,09,00,03 ,0,0,0,0,0
14-15,8041,89,CHATFIELD PUBLIC LIBRARY           ,23,00,10 ,0,0,0,0,0
14-15,8042,89,CHISHOLM PUBLIC LIBRARY            ,69,00,03 ,0,0,0,0,0
14-15,8043,89,CLARKFIELD PUBLIC LIBRARY          ,87,00,06W,0,0,0,0,0
14-15,8044,89,CLOQUET PUBLIC LIBRARY             ,09,00,03 ,0,0,0,0,0
14-15,8045,89,COLERAINE PUBLIC LIBRARY           ,31,00,03 ,0,0,0,0,0
14-15,8046,89,COLUMBIA HEIGHTS PUBLIC LIBRARY    ,02,00,11 ,0,0,0,0,0
14-15,8047,89,COMFREY AREA LIBRARY               ,08,00,09 ,0,0,0,0,0
14-15,8048,89,COOK PUBLIC LIBRARY                ,69,00,03 ,0,0,0,0,0
14-15,8049,89,CROSBY: JESSIE F. HALLETT MEMORIAL ,18,00,05 ,0,0,0,0,0
14-15,8050,89,DAKOTA COUNTY LIBRARY              ,19,00,11 ,0,0,0,0,0
14-15,8051,89,DODGE CENTER PUBLIC LIBRARY        ,20,00,10 ,0,0,0,0,0
14-15,8052,89,DOUGLAS COUNTY LIBRARY             ,21,00,04 ,0,0,0,0,0
14-15,8053,89,DULUTH PUBLIC LIBRARY              ,69,00,03 ,0,0,0,0,0
14-15,8054,89,EAST GRAND FORKS CAMPBELL LIBRARY  ,60,00,01 ,0,0,0,0,0
14-15,8055,89,EDGERTON PUBLIC LIBRARY            ,59,00,08 ,0,0,0,0,0
14-15,8056,89,ELBOW LAKE: THORSON MEMORAL LIBRARY,26,00,04 ,0,0,0,0,0
14-15,8057,89,ELMORE PUBLIC LIBRARY              ,22,00,09 ,0,0,0,0,0
14-15,8058,89,ELY PUBLIC LIBRARY                 ,69,00,03 ,0,0,0,0,0
14-15,8059,89,EVELETH PUBLIC LIBRARY             ,69,00,03 ,0,0,0,0,0
14-15,8060,89,FARIBAULT: BUCKHAM MEMORIAL LIBRARY,66,00,10 ,0,0,0,0,0
14-15,8061,89,FERGUS FALLS PUBLIC LIBRARY        ,56,00,04 ,0,0,0,0,0
14-15,8062,89,FULDA MEMORIAL LIBRARY             ,51,00,08 ,0,0,0,0,0
14-15,8063,89,GILBERT PUBLIC LIBRARY             ,69,00,03 ,0,0,0,0,0
14-15,8064,89,GLENWOOD PUBLIC LIBRARY            ,61,00,04 ,0,0,0,0,0
14-15,8065,89,GRAND MARAIS PUBLIC LIBRARY        ,16,00,03 ,0,0,0,0,0
14-15,8066,89,GRAND MEADOW PUBLIC LIBRARY        ,50,00,10 ,0,0,0,0,0
14-15,8067,89,GRAND RAPIDS AREA LIBRARY          ,31,00,03 ,0,0,0,0,0
14-15,8068,89,HANCOCK COMMUNITY LIBRARY          ,75,00,04 ,0,0,0,0,0
14-15,8069,89,HANSKA PUBLIC LIBRARY              ,08,00,09 ,0,0,0,0,0
14-15,8070,89,HARMONY PUBLIC LIBRARY             ,23,00,10 ,0,0,0,0,0
14-15,8071,89,HENDRICKS: SIVERSON PUBLIC LIBRARY ,41,00,08 ,0,0,0,0,0
14-15,8072,89,HENNEPIN COUNTY LIBRARY            ,00,00,   ,0,0,0,0,0
14-15,8073,89,HIBBING PUBLIC LIBRARY             ,69,00,03 ,0,0,0,0,0
14-15,8074,89,HOKAH PUBLIC LIBRARY               ,28,00,10 ,0,0,0,0,0
14-15,8075,89,HOUSTON PUBLIC LIBRARY             ,28,00,10 ,0,0,0,0,0
14-15,8076,89,HOYT LAKES PUBLIC LIBRARY          ,69,00,03 ,0,0,0,0,0
14-15,8077,89,INTERNATIONAL FALLS PUBLIC LIBRARY ,36,00,03 ,0,0,0,0,0
14-15,8078,89,IVANHOE PUBLIC LIBRARY             ,41,00,08 ,0,0,0,0,0
14-15,8079,89,JACKSON COUNTY LIBRARY             ,32,00,08 ,0,0,0,0,0
14-15,8080,89,KASSON PUBLIC LIBRARY              ,20,00,10 ,0,0,0,0,0
14-15,8081,89,KEEWATIN PUBLIC LIBRARY            ,31,00,03 ,0,0,0,0,0
14-15,8082,89,KENYON PUBLIC LIBRARY              ,25,00,10 ,0,0,0,0,0
14-15,8083,89,KINNEY PUBLIC LIBRARY              ,69,00,03 ,0,0,0,0,0
14-15,8084,89,LA CRESCENT PUBLIC LIBRARY         ,28,00,10 ,0,0,0,0,0
14-15,8085,89,LAKE BENTON PUBLIC LIBRARY         ,41,00,08 ,0,0,0,0,0
14-15,8086,89,LAKE CITY PUBLIC LIBRARY           ,79,00,10 ,0,0,0,0,0
14-15,8087,89,LAKE ELMO PUBLIC LIBRARY           ,82,00,11 ,0,0,0,0,0
14-15,8088,89,LAMBERTON PUBLIC LIBRARY           ,64,00,08 ,0,0,0,0,0
14-15,8089,89,LANESBORO PUBLIC LIBRARY           ,23,00,10 ,0,0,0,0,0
14-15,8090,89,LE ROY PUBLIC LIBRARY              ,50,00,10 ,0,0,0,0,0
14-15,8091,89,LONSDALE PUBLIC LIBRARY            ,66,00,10 ,0,0,0,0,0
14-15,8092,89,MABEL PUBLIC LIBRARY               ,23,00,10 ,0,0,0,0,0
14-15,8093,89,MARBLE PUBLIC LIBRARY              ,31,00,03 ,0,0,0,0,0
14-15,8094,89,MARSHALL-LYON COUNTY LIBRARY       ,42,00,08 ,0,0,0,0,0
14-15,8095,89,MARTIN COUNTY LIBRARY              ,46,00,09 ,0,0,0,0,0
14-15,8096,89,MCKINLEY PUBLIC LIBRARY            ,69,00,03 ,0,0,0,0,0
14-15,8097,89,METROPOLITAN LIBRARY SERVICE AGENCY,00,00,   ,0,0,0,0,0
14-15,8098,89,MINNEOTA PUBLIC LIBRARY            ,42,00,08 ,0,0,0,0,0
14-15,8099,89,MOOSE LAKE PUBLIC LIBRARY          ,09,00,03 ,0,0,0,0,0
14-15,8100,89,MORGAN PUBLIC LIBRARY              ,64,00,08 ,0,0,0,0,0
14-15,8101,89,MORRIS PUBLIC LIBRARY              ,75,00,04 ,0,0,0,0,0
14-15,8102,89,MOUNTAIN IRON PUBLIC LIBRARY       ,69,00,03 ,0,0,0,0,0
14-15,8103,89,MOUNTAIN LAKE PUBLIC LIBRARY       ,17,00,08 ,0,0,0,0,0
14-15,8104,89,NEW ULM PUBLIC LIBRARY             ,08,00,09 ,0,0,0,0,0
14-15,8105,89,NEW YORK MILLS PUBLIC LIBRARY      ,56,00,04 ,0,0,0,0,0
14-15,8106,89,NOBLES COUNTY LIBRARY              ,53,00,08 ,0,0,0,0,0
14-15,8107,89,NORTH MANKATO TAYLOR LIBRARY       ,52,00,09 ,0,0,0,0,0
14-15,8108,89,NORTHFIELD PUBLIC LIBRARY          ,66,00,10 ,0,0,0,0,0
14-15,8109,89,OWATONNA-STEELE COUNTY LIBRARY     ,74,00,10 ,0,0,0,0,0
14-15,8110,89,PELICAN RAPIDS PUBLIC LIBRARY      ,56,00,04 ,0,0,0,0,0
14-15,8111,89,PERHAM AREA PUBLIC LIBRARY         ,56,00,04 ,0,0,0,0,0
14-15,8112,89,PINE ISLAND: VAN HORN PUBLIC LIBRAR,25,00,10 ,0,0,0,0,0
14-15,8113,89,PIPESTONE: MEINDERS COMMUNITY LIBRA,59,00,08 ,0,0,0,0,0
14-15,8114,89,PLAINVIEW PUBLIC LIBRARY           ,79,00,10 ,0,0,0,0,0
14-15,8115,89,PRESTON PUBLIC LIBRARY             ,23,00,10 ,0,0,0,0,0
14-15,8116,89,RAMSEY COUNTY LIBRARY              ,62,00,11 ,0,0,0,0,0
14-15,8117,89,RED WING PUBLIC LIBRARY            ,25,00,10 ,0,0,0,0,0
14-15,8118,89,REDWOOD FALLS PUBLIC LIBRARY       ,64,00,08 ,0,0,0,0,0
14-15,8119,89,ROCHESTER PUBLIC LIBRARY           ,55,00,10 ,0,0,0,0,0
14-15,8120,89,ROCK COUNTY COMMUNITY LIBRARY      ,67,00,08 ,0,0,0,0,0
14-15,8121,89,RUSHFORD PUBLIC LIBRARY            ,23,00,10 ,0,0,0,0,0
14-15,8122,89,SAINT PAUL PUBLIC LIBRARY          ,62,00,11 ,0,0,0,0,0
14-15,8123,89,SCOTT COUNTY LIBRARY SYSTEM        ,70,00,11 ,0,0,0,0,0
14-15,8124,89,SIBLEY COUNTY LIBRARY              ,72,00,09 ,0,0,0,0,0
14-15,8125,89,SILVER BAY PUBLIC LIBRARY          ,38,00,03 ,0,0,0,0,0
14-15,8126,89,SLAYTON PUBLIC LIBRARY             ,51,00,08 ,0,0,0,0,0
14-15,8127,89,SLEEPY EYE: DYCKMAN FREE LIBRARY   ,08,00,09 ,0,0,0,0,0
14-15,8128,89,SOUTH SAINT PAUL PUBLIC LIBRARY    ,19,00,11 ,0,0,0,0,0
14-15,8129,89,SPRING GROVE PUBLIC LIBRARY        ,28,00,10 ,0,0,0,0,0
14-15,8130,89,SPRING VALLEY PUBLIC LIBRARY       ,23,00,10 ,0,0,0,0,0
14-15,8131,89,SPRINGFIELD PUBLIC LIBRARY         ,08,00,09 ,0,0,0,0,0
14-15,8132,89,ST. CHARLES PUBLIC LIBRARY         ,85,00,10 ,0,0,0,0,0
14-15,8133,89,ST. PETER PUBLIC LIBRARY           ,52,00,09 ,0,0,0,0,0
14-15,8134,89,STEWARTVILLE PUBLIC LIBRARY        ,55,00,10 ,0,0,0,0,0
14-15,8135,89,STILLWATER PUBLIC LIBRARY          ,82,00,11 ,0,0,0,0,0
14-15,8136,89,TAYLORS FALLS PUBLIC LIBRARY       ,13,00,07E,0,0,0,0,0
14-15,8137,89,TRACY PUBLIC LIBRARY               ,42,00,08 ,0,0,0,0,0
14-15,8138,89,TWO HARBORS PUBLIC LIBRARY         ,38,00,03 ,0,0,0,0,0
14-15,8139,89,TYLER PUBLIC LIBRARY               ,41,00,08 ,0,0,0,0,0
14-15,8140,89,VIRGINIA PUBLIC LIBRARY            ,69,00,03 ,0,0,0,0,0
14-15,8141,89,WABASHA PUBLIC LIBRARY             ,79,00,10 ,0,0,0,0,0
14-15,8142,89,WABASSO PUBLIC LIBRARY             ,64,00,08 ,0,0,0,0,0
14-15,8143,89,WASECA-LE SUEUR REGIONAL LIBRARY   ,81,00,09 ,0,0,0,0,0
14-15,8144,89,WASHINGTON COUNTY LIBRARY          ,82,00,11 ,0,0,0,0,0
14-15,8145,89,WATONWAN COUNTY LIBRARY            ,83,00,09 ,0,0,0,0,0
14-15,8146,89,WELLS PUBLIC LIBRARY               ,22,00,09 ,0,0,0,0,0
14-15,8147,89,WEST CONCORD PUBLIC LIBRARY        ,20,00,10 ,0,0,0,0,0
14-15,8148,89,WESTBROOK PUBLIC LIBRARY           ,17,00,08 ,0,0,0,0,0
14-15,8149,89,WHEATON COMMUNITY LIBRARY          ,78,00,04 ,0,0,0,0,0
14-15,8150,89,WINDOM PUBLIC LIBRARY              ,17,00,08 ,0,0,0,0,0
14-15,8151,89,WINNEBAGO: MUIR LIBRARY            ,22,00,09 ,0,0,0,0,0
14-15,8152,89,WINONA PUBLIC LIBRARY              ,85,00,10 ,0,0,0,0,0
14-15,8153,89,ZUMBROTA PUBLIC LIBRARY            ,25,00,10 ,0,0,0,0,0
14-15,9053,38,ELKTON PUBLIC SCHOOL               ,00,00,   ,0,0,0,0,0
14-15,9056,38,DEUBROOK AREA PUBLIC SCHOOL        ,00,00,   ,0,0,0,0,0
14-15,9194,38,DEUEL PUBLIC SCHOOL                ,00,00,   ,0,0,0,0,0
14-15,9251,38,BIG STONE CITY PUBLIC SCHOOL       ,00,00,   ,0,0,0,0,0
14-15,9253,38,GRANT-DEUEL PUBLIC SCHOOL          ,00,00,   ,0,0,0,0,0
14-15,9254,38,MILBANK PUBLIC SCHOOL              ,00,00,   ,0,0,0,0,0
14-15,9492,38,BRANDON VALLEY PUBLIC SCHOOL       ,00,00,   ,0,0,0,0,0
14-15,9493,38,DELL RAPIDS PUBLIC SCHOOL          ,00,00,   ,0,0,0,0,0
14-15,9494,38,GARRETSON PUBLIC SCHOOL            ,00,00,   ,0,0,0,0,0
14-15,9503,38,FLANDREAU PUBLIC SCHOOL            ,00,00,   ,0,0,0,0,0
14-15,9542,38,SISSETON PUBLIC SCHOOL             ,00,00,   ,0,0,0,0,0
14-15,9544,38,ROSHOLT PUBLIC SCHOOL              ,00,00,   ,0,0,0,0,0
14-15,9547,38,WILMOT PUBLIC SCHOOL               ,00,00,   ,0,0,0,0,0
14-15,9999,99,STATEWIDE                          ,62,00,11 ,122464,99617,109531,102728,56670
